Id;source;latitude;longitude;region;country;admin1;localityName;localityQuality;observationDate;reportingDate;status;disease;serotypes;speciesDescription;sumAtRisk;sumCases;sumDeaths;sumDestroyed;sumSlaughtered;humansGenderDesc;humansAge;humansAffected;humansDeaths
258959;OIE;23.81504;120.39092;Asia;Taiwan (Province of China);Taiwan Sheng;Erlun Township;Exact;2019-08-31;2019-09-16;Confirmed;Influenza - Avian;H5N2 HPAI;domestic, chicken;32118;3209;3209;28909;;;;;
258958;OIE;25.03067;121.48937;Asia;Taiwan (Province of China);Taiwan Sheng;Wanhua District;Exact;2019-08-28;2019-09-16;Confirmed;Influenza - Avian;H5N2 HPAI;domestic, chicken;41;1;;41;;;;;
258957;OIE;23.94201;120.34851;Asia;Taiwan (Province of China);Taiwan Sheng;Fangyuan Township;Exact;2019-08-23;2019-09-16;Confirmed;Influenza - Avian;H5N2 HPAI;domestic, duck;444;;;444;;;;;
258705;OIE;-33.0458456;-71.6196749;Americas;Chile;Valparaiso;El Peumo;Exact;2019-08-27;2019-09-04;Confirmed;Influenza - Avian;H7 LPAI;domestic, turkey;67500;13000;;67500;;;;;
258704;OIE;10.0711;106.2951;Asia;Viet Nam;Ben Tre;Thanh Thoi B;Exact;2019-08-18;2019-09-08;Confirmed;Influenza - Avian;H5N6 HPAI;domestic, unspecified bird;1026;138;138;888;;;;;
258702;OIE;23.59023;120.40844;Asia;Taiwan (Province of China);Taiwan Sheng;Xikou Township;Exact;2019-08-28;2019-09-06;Confirmed;Influenza - Avian;H5N2 HPAI;domestic, quail;48684;2500;2500;46184;;;;;
258633;OIE;26.55805556;87.51611111;Asia;Nepal;Eastern;Kanepokhari-3;Exact;2019-08-19;2019-09-02;Confirmed;Influenza - Avian;H5N1 HPAI;domestic, unspecified bird;417;195;195;222;;;;;
258427;OIE;23.850747;120.305667;Asia;Taiwan (Province of China);Taiwan Sheng;Dacheng Township;Exact;2019-08-10;2019-08-21;Confirmed;Influenza - Avian;H5N2 HPAI;domestic, chicken;18912;882;882;18030;;;;;
258426;OIE;23.74108;120.23136;Asia;Taiwan (Province of China);Taiwan Sheng;Taixi Township;Exact;2019-08-05;2019-08-21;Confirmed;Influenza - Avian;H5N2 HPAI;domestic, goose;266;;;266;;;;;
258425;OIE;25.03067;121.48937;Asia;Taiwan (Province of China);Taiwan Sheng;Wanhua District;Exact;2019-08-04;2019-08-21;Confirmed;Influenza - Avian;H5N2 HPAI;domestic, chicken;3;1;;3;;;;;
258263;OIE;39.916667;116.383333;Asia;China;Beijing Shi;Beijing;Centroid Locality;2019-08-11;2019-08-19;Confirmed;Influenza - Avian;H5N6 HPAI;;;;;;;;;1;
258235;OIE;-34.0;21.4;Africa;South Africa;Western Cape;HPAI_H5N8_2017_207;Exact;2019-06-11;2019-08-16;Confirmed;Influenza - Avian;H5N8 HPAI;domestic, ostrich;1422;8;;;;;;;
258234;OIE;-32.1;21.6;Africa;South Africa;Northern Cape;HPAI_H5N8_2017_208;Exact;2019-07-01;2019-08-16;Confirmed;Influenza - Avian;H5N8 HPAI;wild,egyptian goose (alopochen aegyptiacus));;6;;;;;;;
258233;OIE;23.731083;120.237466;Asia;Taiwan (Province of China);Taiwan Sheng;Taixi Township;Exact;2019-07-29;2019-08-12;Confirmed;Influenza - Avian;H5N2 HPAI;domestic, chicken;6664;275;275;6389;;;;;
258232;OIE;25.03067;121.48937;Asia;Taiwan (Province of China);Taiwan Sheng;Wanhua District;Exact;2019-07-25;2019-08-12;Confirmed;Influenza - Avian;H5N2 HPAI;domestic, chicken;44;3;;44;;;;;
258187;OIE;10.4934;107.4088;Asia;Viet Nam;Ba Ria-Vung Tau;Ho Tram;Exact;2019-08-05;2019-08-08;Confirmed;Influenza - Avian;H5N6 HPAI;domestic, unspecified bird;4700;4700;;4700;;;;;
258101;OIE;23.869261;120.28921;Asia;Taiwan (Province of China);Taiwan Sheng;Dacheng Township;Exact;2019-07-22;2019-08-06;Confirmed;Influenza - Avian;H5N2 HPAI;domestic, chicken;9675;1919;1919;7756;0;;;;
258100;OIE;23.76601;120.24216;Asia;Taiwan (Province of China);Taiwan Sheng;Mailiao Township;Exact;2019-07-20;2019-08-06;Confirmed;Influenza - Avian;H5N2 HPAI;domestic, chicken;4832;2192;2192;2640;0;;;;
258099;OIE;23.689834;120.261344;Asia;Taiwan (Province of China);Taiwan Sheng;Dongshi Township;Exact;2019-07-18;2019-08-06;Confirmed;Influenza - Avian;H5N2 HPAI;domestic, chicken;13227;847;847;12380;0;;;;
258098;OIE;23.710572;120.249017;Asia;Taiwan (Province of China);Taiwan Sheng;Dongshi Township;Exact;2019-07-18;2019-08-06;Confirmed;Influenza - Avian;H5N2 HPAI;domestic, chicken;23230;517;517;22713;0;;;;
257975;OIE;20.513053;-99.79096;Americas;Mexico;Hidalgo;Pedro Escobedo;Exact;2019-07-11;2019-07-26;Confirmed;Influenza - Avian;H7N3 HPAI;domestic, unspecified bird;21644;10000;4275;17369;0;;;;
257974;OIE;20.911669;-100.912744;Americas;Mexico;Guanajuato;Dolores Hidalgo;Exact;2019-07-10;2019-07-26;Confirmed;Influenza - Avian;H7N3 HPAI;domestic, unspecified bird;20;5;4;16;0;;;;
257973;OIE;20.74421;-100.03835;Americas;Mexico;Queretaro;Colón;Exact;2019-07-03;2019-07-26;Confirmed;Influenza - Avian;H7N3 HPAI;domestic, unspecified bird;174163;10;0;0;0;;;;
257972;OIE;19.660806;-96.926416;Americas;Mexico;Veracruz;Coacoatzintla;Exact;2019-06-29;2019-07-26;Confirmed;Influenza - Avian;H7N3 HPAI;domestic, unspecified bird;25;13;3;22;0;;;;
257971;OIE;23.639212;120.302376;Asia;Taiwan (Province of China);Taiwan Sheng;Yuanchang Township;Exact;2019-07-15;2019-07-29;Confirmed;Influenza - Avian;H5N2 HPAI;domestic, chicken;22809;290;290;22519;0;;;;
257970;OIE;23.98599;120.37583;Asia;Taiwan (Province of China);Taiwan Sheng;Fangyuan Township;Exact;2019-07-12;2019-07-29;Confirmed;Influenza - Avian;H5N2 HPAI;domestic, duck;1531;0;0;1531;0;;;;
257539;OIE;20.513053;-99.79096;Americas;Mexico;Hidalgo;Pedro escobedo;Exact;2019-07-11;2019-07-29;Confirmed;Influenza - Avian;H7N3 HPAI;domestic, unspecified bird;21644;10000;4275;17369;;;;;
257538;OIE;20.911669;-100.912744;Americas;Mexico;Guanajuato;Dolores Hidalgo;Exact;2019-07-10;2019-07-29;Confirmed;Influenza - Avian;H7N3 HPAI;domestic, unspecified bird;20;5;4;16;;;;;
257537;OIE;20.74421;-100.03835;Americas;Mexico;Queretaro;Colon;Exact;2019-07-03;2019-07-29;Confirmed;Influenza - Avian;H7N3 HPAI;domestic, unspecified bird;174163;10;0;0;;;;;
257536;OIE;19.660805;-96.926416;Americas;Mexico;Veracruz;Coacoatzintla;Exact;2019-06-29;2019-07-29;Confirmed;Influenza - Avian;H7N3 HPAI;domestic, unspecified bird;25;13;3;22;;;;;
255727;OIE;25.03067;121.48937;Asia;Taiwan (Province of China);Taiwan Sheng;Wanhua District;Unknown;2019-07-02;2019-07-17;Confirmed;Influenza - Avian;H5N2 HPAI;domestic, chicken;14;2;0;14;0;;;;
255395;OIE;23.652518;120.255147;Asia;Taiwan (Province of China);Taiwan Sheng;Sihu Township;Unknown;2019-07-04;2019-07-09;Confirmed;Influenza - Avian;H5N2 HPAI;domestic, turkey;1467;346;346;1121;0;;;;
255394;OIE;23.836218;120.316942;Asia;Taiwan (Province of China);Taiwan Sheng;Dacheng Township;Unknown;2019-07-01;2019-07-09;Confirmed;Influenza - Avian;H5N2 HPAI;domestic, chicken;15295;106;106;15189;0;;;;
255393;OIE;23.676338;120.240531;Asia;Taiwan (Province of China);Taiwan Sheng;Dongshi Township;Unknown;2019-06-21;2019-07-09;Confirmed;Influenza - Avian;H5N2 HPAI;domestic, duck;3908;0;0;3908;0;;;;
255392;OIE;23.674181;120.236253;Asia;Taiwan (Province of China);Taiwan Sheng;Dongshi Township;Unknown;2019-06-21;2019-07-09;Confirmed;Influenza - Avian;H5N2 HPAI;domestic, duck;2612;0;0;2612;0;;;;
255264;OIE;-32.1;21.6;Africa;South Africa;Northern Cape; HPAI_H5N8_2017_206, Karoo Hoogland, Northern Cape Province ;Exact;2019-06-21;2019-07-10;Confirmed;Influenza - Avian;H5N8 HPAI;domestic, ostrich;1440;22;0;0;0;;0;;
255241;OIE;20.6987;-101.0526;Americas;Mexico;Guanajuato;Santa Cruz de Juventino Rosas;Unknown;2019-06-19;2019-07-08;Confirmed;Influenza - Avian;H7N3 HPAI;domestic, unspecified bird;50;30;25;25;0;;;;
255240;OIE;20.450833;-103.250555;Americas;Mexico;Jalisco;Tlajomulco de Zuñiga;Unknown;2019-06-11;2019-07-08;Confirmed;Influenza - Avian;H7N3 HPAI;domestic, unspecified bird;210;10;10;200;0;;;;
255239;OIE;20.48208;-99.28236;Americas;Mexico;Hidalgo;Tasquillo;Unknown;2019-06-06;2019-07-08;Confirmed;Influenza - Avian;H7N3 HPAI;domestic, unspecified bird;1000;1000;1000;0;0;;;;
255104;OIE;23.785295;120.50508;Asia;Taiwan (Province of China);Taiwan Sheng;Citong Township;Unknown;2019-06-28;2019-07-03;Confirmed;Influenza - Avian;H5N2 HPAI;domestic, chicken;18988;240;240;18748;0;;;;
255103;OIE;23.85076;120.306669;Asia;Taiwan (Province of China);Taiwan Sheng;Dacheng Township;Unknown;2019-06-26;2019-07-03;Confirmed;Influenza - Avian;H5N2 HPAI;domestic, chicken;18723;1037;1037;17686;0;;;;
255102;OIE;23.645431;120.343836;Asia;Taiwan (Province of China);Taiwan Sheng;Yuanchang Township;Unknown;2019-06-24;2019-07-03;Confirmed;Influenza - Avian;H5N2 HPAI;domestic, goose;805;29;29;776;0;;;;
255101;OIE;23.848536;120.298408;Asia;Taiwan (Province of China);Taiwan Sheng;Dacheng Township;Unknown;2019-06-24;2019-07-03;Confirmed;Influenza - Avian;H5N2 HPAI;domestic, chicken;28160;1200;1200;26960;0;;;;
255100;OIE;23.742488;120.237438;Asia;Taiwan (Province of China);Taiwan Sheng;Taixi Township;Unknown;2019-06-24;2019-07-03;Confirmed;Influenza - Avian;H5N2 HPAI;domestic, chicken;5897;123;123;5774;0;;;;
254953;OIE;20.6032;106.5665;Asia;Viet Nam;Thai Binh;Thuy Hong ;Exact;2019-06-23;2019-07-03;Confirmed;Influenza - Avian;H5N6 HPAI;domestic, unspecified bird;1000;1000;35;965;;;;;
254907;OIE;55.31;11.5799;Europe;Denmark;Vestsjaelland;Fuglebjerg;Unknown;2019-06-25;2019-06-28;Confirmed;Influenza - Avian;H5 LPAI;domestic, unspecified bird;3000;0;0;0;0;;;;
254693;OIE;27.98174;85.25881;Asia;Nepal;Central;Naukunda Rural Municipality-5;Unknown;2019-06-18;2019-06-26;Confirmed;Influenza - Avian;H5N1 HPAI;domestic, unspecified bird;900;219;219;681;0;;0;;
254657;OIE;27.669813;85.410775;Asia;Nepal;Central;Suryabinayak municipality-5;Unknown;2019-06-11;2019-06-25;Confirmed;Influenza - Avian;H5N1 HPAI;domestic, chicken;5496;1535;1535;3961;0;;0;;
254656;OIE;23.990492;120.378555;Asia;Taiwan (Province of China);Taiwan Sheng;Fangyuan Township;Unknown;2019-06-18;2019-06-25;Confirmed;Influenza - Avian;H5N2 HPAI;domestic, chicken;29030;1070;1070;27960;0;;;;
254590;OIE;-25.72004;14.83295;Africa;Namibia;Karas;Mercury Island;Exact;2019-06-20;2019-06-20;Confirmed;Influenza - Avian;H5N8 HPAI;wild, jackass penguin spheniscus demersus;;19;19;0;0;;0;;
254589;OIE;-26.288038;14.956528;Africa;Namibia;Karas;Ichaboe Island;Centroid Locality;2019-02-20;2019-06-20;Confirmed;Influenza - Avian;H5N8 HPAI;wild, jackass penguin spheniscus demersus;;45;45;0;0;;0;;
254578;OIE;-26.65;15.08;Africa;Namibia;Karas;Halifax Island;Unknown;2019-02-20;2019-06-20;Confirmed;Influenza - Avian;H5N8 HPAI;wild, jackass penguin spheniscus demersus;;174;174;0;0;;;;
254548;OIE;23.668553;120.240054;Asia;Taiwan (Province of China);Taiwan Sheng;Dongshi Township;Unknown;2019-06-08;2019-06-18;Confirmed;Influenza - Avian;H5N2 HPAI;domestic, chicken;12476;591;591;11885;0;;;;
254547;OIE;25.03067;121.48937;Asia;Taiwan (Province of China);Taiwan Sheng;Wanhua District;Unknown;2019-05-31;2019-06-18;Confirmed;Influenza - Avian;H5N2 HPAI;domestic, chicken;26;2;0;26;0;;;;
254546;OIE;23.637128;120.195954;Asia;Taiwan (Province of China);Taiwan Sheng;Sihu Township;Unknown;2019-05-27;2019-06-18;Confirmed;Influenza - Avian;H5N2 HPAI;domestic, goose;3;3;3;0;0;;;;
254513;National authorities;49.963279;5.438261;Europe;Belgium;Region wallonne;Luxembourg;Centroid Admin2;2019-01-31;2019-06-14;Confirmed;Influenza - Avian;H3 LPAI;domestic, chicken;;;;;;;0;;
254512;National authorities;50.475605;5.77263;Europe;Belgium;Region wallonne;Liege;Centroid Admin2;2019-01-31;2019-06-14;Confirmed;Influenza - Avian;H3 LPAI;domestic, chicken;;;;;;;0;;
254511;National authorities;51.247127;4.689417;Europe;Belgium;Vlaams Gewest;Antwerpen;Centroid Admin2;2019-01-31;2019-06-14;Confirmed;Influenza - Avian;H3 LPAI;domestic, chicken;;;;;;;0;;
254510;National authorities;51.013206;3.834678;Europe;Belgium;Vlaams Gewest;Oost-Vlaanderen;Centroid Admin2;2019-01-31;2019-06-14;Confirmed;Influenza - Avian;H3 LPAI;domestic, chicken;;;;;;;0;;
254509;National authorities;51.041955;3.006225;Europe;Belgium;Vlaams Gewest;West-Vlaanderen;Centroid Admin2;2019-01-31;2019-06-14;Confirmed;Influenza - Avian;H3 LPAI;domestic, chicken;;;;;;;;;
254508;National authorities;51.041955;3.006225;Europe;Belgium;Vlaams Gewest;West-Vlaanderen;Centroid Admin2;2019-01-31;2019-04-06;Confirmed;Influenza - Avian;H3N1 LPAI;domestic, chicken;;;;;;;;;
254456;National authorities;50.383333;3.316667;Europe;France;Nord-Pas-de-Calais;Nord department;Centroid Locality;2019-05-22;2019-06-14;Confirmed;Influenza - Avian;H3N1 LPAI;domestic, chicken;;;;;;;;;
254083;OIE;20.425778;-100.06;Americas;Mexico;Queretaro;San Juan del Río;Exact;2019-05-20;2019-06-04;Confirmed;Influenza - Avian;H7N3 HPAI;domestic, unspecified bird;133566;5;0;133566;0;;;;
254082;OIE;19.8281;-98.9606;Americas;Mexico;Hidalgo;Tizayuca;Exact;2019-05-14;2019-06-04;Confirmed;Influenza - Avian;H7N3 HPAI;domestic, unspecified bird;1300;1200;1150;150;0;;;;
254081;OIE;20.68267;-99.81036;Americas;Mexico;Queretaro;Cadereyta de Montes;Exact;2019-05-14;2019-06-04;Confirmed;Influenza - Avian;H7N3 HPAI;domestic, unspecified bird;25;5;0;25;0;;;;
254080;OIE;17.924;-99.898;Americas;Mexico;Guerrero;General Heliodoro Castillo;Exact;2019-05-08;2019-06-04;Confirmed;Influenza - Avian;H7N3 HPAI;domestic, unspecified bird;54;14;10;0;0;;;;
253832;OIE;-32.8;23.9;Africa;South Africa;Eastern Cape;HPAI_H5N8_2017_205;Exact;2019-04-15;2019-06-04;Confirmed;Influenza - Avian;H5N8 HPAI;domestic, ostrich;709;22;;;;;;;
253812;National authorities;44.24747;80.6674;Asia;China;Xinjiang Uygur Zizhiqu;Liushuqu Village;Exact;2019-05-24;2019-06-01;Confirmed;Influenza - Avian;H5N6 HPAI;domestic, unspecified bird;11910;1503;1015;10895;;;0;;
253791;OIE;23.60533;120.19777;Asia;Taiwan (Province of China);Taiwan Sheng;Kouhu Township;Exact;2019-05-24;2019-05-29;Confirmed;Influenza - Avian;H5N2 HPAI;domestic, chicken;14642;639;639;14003;0;;;;
253790;OIE;23.716737;120.237712;Asia;Taiwan (Province of China);Taiwan Sheng;Dongshi Township;Exact;2019-05-20;2019-05-29;Confirmed;Influenza - Avian;H5N2 HPAI;domestic, chicken;18397;745;745;17652;0;;;;
253789;OIE;23.740892;120.240172;Asia;Taiwan (Province of China);Taiwan Sheng;Dongshi Township;Exact;2019-05-16;2019-05-29;Confirmed;Influenza - Avian;H5N2 HPAI;domestic, duck;1653;0;0;1653;0;;;;
253757;OIE;6.6212;5.8581;Africa;Nigeria;Edo;Oba Area;Exact;2019-04-21;2019-05-28;Confirmed;Influenza - Avian;H5N8 HPAI;domestic, unspecified bird;;20;;;;;;;
253619;OIE;23.849417;120.372667;Asia;Taiwan (Province of China);Taiwan Sheng;Zhutang Township;Exact;2019-05-17;2019-05-24;Confirmed;Influenza - Avian;H5N2 HPAI;domestic, chicken;3944;2136;2136;1808;0;;;;
253618;OIE;22.436139;120.556583;Asia;Taiwan (Province of China);Taiwan Sheng;Jiadong Township;Exact;2019-05-14;2019-05-24;Confirmed;Influenza - Avian;H5N2 HPAI;domestic, duck;4193;40;40;4153;0;;;;
253426;OIE;9.8088;105.8023;Asia;Viet Nam;Hau Giang;Lai Hieu;Exact;2019-05-04;2019-05-20;Confirmed;Influenza - Avian;;domestic, unspecified bird;1120;0;0;1120;0;;;;
253412;OIE;20.5267;-100.08585;Americas;Mexico;Queretaro;Pedro Escobedo;Exact;2019-05-07;2019-05-17;Confirmed;Influenza - Avian;H7N3 HPAI;domestic, unspecified bird;2000;1400;1200;0;0;;;;
253411;OIE;19.555278;-98.024444;Americas;Mexico;Tlaxcala;Tlaxco;Exact;2019-04-30;2019-05-17;Confirmed;Influenza - Avian;H7N3 HPAI;domestic, unspecified bird;10;5;5;5;0;;;;
253410;OIE;17.928;-99.9;Americas;Mexico;Guerrero;General Heliodoro Castillo;Exact;2019-04-30;2019-05-17;Confirmed;Influenza - Avian;H7N3 HPAI;domestic, unspecified bird;34;24;19;15;0;;;;
253409;OIE;20.65652;-99.96347;Americas;Mexico;Queretaro;Ezequiel Montes;Exact;2019-04-29;2019-05-17;Confirmed;Influenza - Avian;H7N3 HPAI;domestic, unspecified bird;62;50;42;20;0;;;;
253408;OIE;20.066601;-100.07374;Americas;Mexico;Queretaro;Colón;Exact;2019-04-24;2019-05-17;Confirmed;Influenza - Avian;H7N3 HPAI;domestic, unspecified bird;1;1;0;1;0;;;;
253261;OIE;9.8088;105.8023;Asia;Viet Nam;Hau Giang;Lai Hieu;Exact;2019-05-04;2019-05-20;Confirmed;Influenza - Avian;H5N1 HPAI;domestic, unspecified bird;1120;;;1120;;;;;
253104;OIE;23.769176;120.273879;Asia;Taiwan (Province of China);Taiwan Sheng;Mailiao Township;Exact;2019-05-04;2019-05-14;Confirmed;Influenza - Avian;H5N2 HPAI;domestic, chicken;14336;816;816;13520;0;;;;
253103;OIE;22.894632;120.22422;Asia;Taiwan (Province of China);Taiwan Sheng;Hunei District;Exact;2019-04-30;2019-05-14;Confirmed;Influenza - Avian;H5N2 HPAI;domestic, chicken;5675;519;210;5465;0;;;;
253079;OIE;24.806888;121.76727;Asia;Taiwan (Province of China);Taiwan Sheng;Jiaoxi Township;Exact;2019-01-10;2019-05-13;Confirmed;Influenza - Avian;H7N7 LPAI;domestic, duck;1300;0;0;0;0;;;;
252684;OIE;27.559229;84.04133;Asia;Nepal;Western;Madhyabidu municipality-2;Exact;2019-05-02;2019-05-05;Confirmed;Influenza - Avian;H5N1 HPAI;domestic, unspecified bird;271;25;25;246;0;;;;
252403;OIE;23.863379;120.350614;Asia;Taiwan (Province of China);Taiwan Sheng;Erlin Township;Exact;2019-04-19;2019-04-30;Confirmed;Influenza - Avian;H5N2 HPAI;domestic, chicken;31153;4050;4050;27103;0;;;;
252402;OIE;23.732428;120.258915;Asia;Taiwan (Province of China);Taiwan Sheng;Dongshi Township;Exact;2019-04-17;2019-04-30;Confirmed;Influenza - Avian;H5N2 HPAI;domestic, goose;1139;0;0;1139;0;;;;
252247;National authorities;27.857184;85.407489;Asia;Nepal;Central;Bagmati;Centroid Admin2;2019-03-24;2019-05-02;Confirmed;Influenza - Avian;H5N1 HPAI;;;;;;;Male;21;1;1
252226;OIE;20.21594;-98.76137;Americas;Mexico;Hidalgo;Mineral del Chico;Exact;2019-04-15;2019-04-26;Confirmed;Influenza - Avian;H7N3 HPAI;domestic, unspecified bird;598;178;172;0;0;;;;
252225;OIE;20.676714;-99.987875;Americas;Mexico;Queretaro;Colon;Exact;2019-04-08;2019-04-26;Confirmed;Influenza - Avian;H7N3 HPAI;domestic, unspecified bird;138632;5;0;0;138632;;;;
252106;OIE;27.74111111;85.41666667;Asia;Nepal;Central;Kageshwori;Exact;2019-04-23;2019-04-29;Confirmed;Influenza - Avian;H5N1 HPAI;domestic, duck;500;190;190;310;;;0;;
252039;OIE;32.478083;35.418018;Asia;Israel;Northern;MA''ALE GILBOA;Exact;2019-04-20;2019-04-25;Confirmed;Influenza - Avian;H5N8 HPAI;domestic, turkey;13500;350;200;13300;0;;;;
252038;OIE;23.692255;120.258276;Asia;Taiwan (Province of China);Taiwan Sheng;Dongshi Township;Exact;2019-04-12;2019-04-26;Confirmed;Influenza - Avian;H5N2 HPAI;domestic, chicken;22879;79;79;22800;0;;;;
252037;OIE;23.8743;120.4437;Asia;Taiwan (Province of China);Taiwan Sheng;Pitou Township;Exact;2019-04-08;2019-04-26;Confirmed;Influenza - Avian;H5N2 HPAI;domestic, chicken;720;43;43;677;0;;;;
251947;OIE;36.378;-121.656;Americas;United States of America;California;Monterey County;Exact;2019-04-15;2019-04-24;Confirmed;Influenza - Avian;H5 LPAI;domestic, duck;9476;0;0;0;0;;;;
251909;OIE;19.40207;-70.56506;Americas;Dominican Republic;Espaillat;Espaillat;Exact;2019-01-22;2019-04-22;Confirmed;Influenza - Avian;H5N2 LPAI;domestic, unspecified bird;19;12;7;0;0;;;;
251908;OIE;19.42478;-70.49296;Americas;Dominican Republic;Espaillat;Espaillat;Exact;2019-01-21;2019-04-22;Confirmed;Influenza - Avian;H5N2 LPAI;domestic, unspecified bird;59097;0;0;0;0;;;;
251907;OIE;19.360898;-70.5173;Americas;Dominican Republic;Espaillat;Espaillat;Exact;2019-01-14;2019-04-22;Confirmed;Influenza - Avian;H5N2 LPAI;domestic, chicken;13000;0;0;0;0;;;;
251906;OIE;19.40182;-70.508422;Americas;Dominican Republic;Espaillat;Espaillat;Exact;2019-01-10;2019-04-22;Confirmed;Influenza - Avian;H5N2 LPAI;domestic, chicken;45000;535;530;0;0;;;;
251905;OIE;19.37906;-70.54887;Americas;Dominican Republic;Espaillat;Espaillat;Exact;2019-01-09;2019-04-22;Confirmed;Influenza - Avian;H5N2 LPAI;domestic, chicken;3000;0;0;0;0;;;;
251904;OIE;19.39742;-70.505116;Americas;Dominican Republic;Espaillat;Espaillat;Exact;2019-01-08;2019-04-22;Confirmed;Influenza - Avian;H5N2 LPAI;domestic, unspecified bird;56685;2350;2350;0;0;;;;
251903;OIE;19.37903;-70.55098;Americas;Dominican Republic;Espaillat;Espaillat;Exact;2018-12-30;2019-04-22;Confirmed;Influenza - Avian;H5N2 LPAI;domestic, chicken;1800;30;0;0;0;;;;
251626;OIE;10.98066;104.7799;Asia;Cambodia;Takeo;Daunkeo market;Exact;2019-03-25;2019-04-18;Confirmed;Influenza - Avian;H5N6 HPAI;domestic, unspecified bird;100;10;;90;;;0;;
251549;OIE;23.028841;89.399236;Asia;Bangladesh;Khulna;Noapara;Exact;2018-12-15;2019-04-17;Confirmed;Influenza - Avian;H5 HPAI;wild, crow;;31;31;;;;;;
251548;OIE;25.03067;121.48937;Asia;Taiwan (Province of China);Taiwan Sheng;Wanhua District;Exact;2019-03-26;2019-04-16;Confirmed;Influenza - Avian;H5N2 HPAI;domestic, chicken;77;4;;77;;;;;
251544;OIE;19.878863;-99.554658;Americas;Mexico;Mexico;Chapa de Mota;Exact;2019-04-09;2019-04-16;Confirmed;Influenza - Avian;H7N3 HPAI;domestic, unspecified bird;290;290;230;60;;;;;
251543;OIE;21.377253;-101.929069;Americas;Mexico;Jalisco;Lagos de Moreno;Exact;2019-04-09;2019-04-16;Confirmed;Influenza - Avian;H7N3 HPAI;domestic, unspecified bird;612;612;120;429;;;;;
251542;OIE;21.375311;-101.935152;Americas;Mexico;Jalisco;Lagos de Moreno;Exact;2019-04-09;2019-04-16;Confirmed;Influenza - Avian;H7N3 HPAI;domestic, chicken;1625;1625;400;1225;;;;;
251434;OIE;6.5898;5.8414;Africa;Nigeria;Edo;Benin City;Exact;2019-04-05;2019-04-15;Confirmed;Influenza - Avian;H5N8 HPAI;domestic, chicken;1500;250;250;1250;;;0;;
251432;OIE;37.944969;46.012833;Asia;Iran  (Islamic Republic of);East Azarbayejan;badihe aghdam;Exact;2019-04-08;2019-04-13;Confirmed;Influenza - Avian;H5N8 HPAI;domestic, unspecified bird;65000;65000;278;64722;;;;;
251431;OIE;35.20394;51.71101;Asia;Iran  (Islamic Republic of);Tehran;hesar beyg;Exact;2019-04-08;2019-04-13;Confirmed;Influenza - Avian;H5N8 HPAI;domestic, unspecified bird;10000;10000;4000;6000;;;;;
251430;OIE;27.623224;85.359019;Asia;Nepal;Central;Godabari-1;Exact;2019-04-12;2019-04-13;Confirmed;Influenza - Avian;H5N1 HPAI;domestic, chicken;1000;123;123;877;;;;;
251401;OIE;25.03067;121.48937;Asia;Taiwan (Province of China);Taiwan Sheng;Wanhua District;Exact;2019-03-29;2019-04-08;Confirmed;Influenza - Avian;H5N2 HPAI;domestic, chicken;8;1;;8;;;;;
251400;OIE;23.735578;120.241605;Asia;Taiwan (Province of China);Taiwan Sheng;Dongshi Township;Exact;2019-03-26;2019-04-08;Confirmed;Influenza - Avian;H5N2 HPAI;domestic, chicken;12585;241;241;12344;;;;;
251399;OIE;25.117318;121.474572;Asia;Taiwan (Province of China);Taiwan Sheng;Beitou District;Exact;2019-03-25;2019-04-08;Confirmed;Influenza - Avian;H5N2 HPAI;domestic, chicken;3;3;3;;;;;;
251398;OIE;23.677665;120.265872;Asia;Taiwan (Province of China);Taiwan Sheng;Dongshi Township;Exact;2019-03-22;2019-04-08;Confirmed;Influenza - Avian;H5N2 HPAI;domestic, chicken;18848;302;302;18546;;;;;
251397;OIE;23.683074;120.263209;Asia;Taiwan (Province of China);Taiwan Sheng;Dongshi Township;Exact;2019-03-21;2019-04-08;Confirmed;Influenza - Avian;H5N2 HPAI;domestic, duck;4738;;;;;;;;
251396;OIE;23.683875;120.263218;Asia;Taiwan (Province of China);Taiwan Sheng;Dongshi Township;Exact;2019-03-21;2019-04-08;Confirmed;Influenza - Avian;H5N2 HPAI;domestic, duck;6260;;;6260;;;;;
251395;OIE;25.03067;121.48937;Asia;Taiwan (Province of China);Taiwan Sheng;Wanhua District;Exact;2019-03-16;2019-04-08;Confirmed;Influenza - Avian;H5N2 HPAI;domestic, chicken;21;1;;21;;;;;
251274;OIE;26.8382;89.1136;Asia;Bhutan;Samtse;Dhamdara ;Exact;2019-04-06;2019-04-11;Confirmed;Influenza - Avian;H5N1 HPAI;domestic, unspecified bird;2000;264;264;1095;;;0;;
250626;National authorities;42.0494;24.9058;Europe;Bulgaria;Plovdiv;Asenovgrad ;Exact;2019-04-08;2019-04-08;Confirmed;Influenza - Avian;H5N8 HPAI;domestic, chicken;168752;300;300;168452;;;0;;
250532;National authorities;42.0925;24.815;Europe;Bulgaria;Plovdiv;Krumovo;Exact;2019-04-03;2019-04-05;Confirmed;Influenza - Avian;H5N8 HPAI;domestic, chicken;37;37;37;0;;;0;;
250531;National authorities;42.0494;24.9058;Europe;Bulgaria;Plovdiv;Asenovgrad ;Exact;2019-04-03;2019-04-05;Confirmed;Influenza - Avian;H5N8 HPAI;domestic, chicken;34998;298;298;34700;;;0;;
250447;National authorities;40.101957;103.294553;Asia;China;Nei Mongol Zizhiqu;Alxa;Centroid Admin2;;2019-04-05;Confirmed;Influenza - Avian;H7N9 LPAI;;;;;;;Male;82;1;0
250293;OIE;20.443063;85.401419;Asia;India;Orissa;Govt. Duck Breeding Farm;Exact;2019-03-23;2019-04-04;Confirmed;Influenza - Avian;H5N1 HPAI;domestic, duck;924;235;235;689;;;;;
250235;OIE;27.643333;85.401388;Asia;Nepal;Central;Suryabinayak municipality-1;Exact;2019-03-29;2019-04-04;Confirmed;Influenza - Avian;H5N1 HPAI;domestic, chicken;3200;215;215;2985;;;;;
250205;OIE;19.650621;-98.880518;Americas;Mexico;Mexico;Acolman;Exact;2019-03-06;2019-04-01;Confirmed;Influenza - Avian;H7N3 HPAI;domestic, chicken;150;150;150;;;;;;
250202;OIE;43.0747;24.0764;Europe;Bulgaria;Lovech;Lovech;Exact;2019-04-02;2019-04-03;Confirmed;Influenza - Avian;H5 HPAI;domestic, unspecified bird;1400;20;0;1400;;;0;;
250141;National Institute for Communicable Diseases, NICD;32.593353;120.046884;Asia;China;Jiangsu Sheng;Taizhou;Centroid Admin2;2019-03-15;2019-04-04;Confirmed;Influenza - Avian;H9N2 LPAI;;;;;;;Male;9;1;
250118;National authorities;42.13527;122.79055;Asia;China;Liaoning Sheng;Xinmin City;Exact;;2019-03-31;Confirmed;Influenza - Avian;H5N1 HPAI;domestic, unspecified bird;25472;1000;1000;24472;;;0;;
250058;OIE;25.117318;121.474572;Asia;Taiwan (Province of China);Taiwan Sheng;Beitou District;Exact;2019-03-22;2019-03-29;Confirmed;Influenza - Avian;H5N2 HPAI;domestic, chicken;3;3;3;;;;;;
250057;OIE;25.117318;121.474572;Asia;Taiwan (Province of China);Taiwan Sheng;Beitou District;Exact;2019-03-20;2019-03-29;Confirmed;Influenza - Avian;H5N2 HPAI;domestic, chicken;5;5;5;;;;;;
250056;OIE;25.03067;121.48937;Asia;Taiwan (Province of China);Taiwan Sheng;Wanhua District;Exact;2019-03-20;2019-03-29;Confirmed;Influenza - Avian;H5N2 HPAI;domestic, chicken;61;;;61;;;;;
250055;OIE;25.117318;121.474572;Asia;Taiwan (Province of China);Taiwan Sheng;Beitou District;Exact;2019-03-16;2019-03-29;Confirmed;Influenza - Avian;H5N2 HPAI;domestic, chicken;39;39;39;;;;;;
250054;OIE;25.117318;121.474572;Asia;Taiwan (Province of China);Taiwan Sheng;Beitou District;Exact;2019-03-20;2019-04-01;Confirmed;Influenza - Avian;H5N2 HPAI;wild, grey heron;;1;1;;;;;;
250046;OIE;26.70138889;87.22805556;Asia;Nepal;Eastern;Itahari-11;Exact;2019-03-21;2019-04-01;Confirmed;Influenza - Avian;H5N1 HPAI;domestic, chicken;2947;2100;2100;847;;;0;;
250045;OIE;26.65018889;87.35805556;Asia;Nepal;Eastern;Sunder Haraicha;Exact;2019-03-18;2019-04-01;Confirmed;Influenza - Avian;H5N1 HPAI;domestic, chicken;3031;1092;1092;1939;;;0;;
249548;OIE;27.718573;85.317751;Asia;Nepal;Central;Lainchaur;Exact;2019-03-17;2019-03-26;Confirmed;Influenza - Avian;H5N1 HPAI;wild, crow;;200;200;;;;;;
249498;National authorities;41.14476;121.13994;Asia;China;Liaoning Sheng;Jinzhou City zoo;Centroid Admin2;2019-03-17;2019-03-25;Confirmed;Influenza - Avian;H7N9 HPAI;domestic,indian peafowl (pavo cristatus));394;9;9;191;;;0;;
249488;OIE;28.2553;84.10056;Asia;Nepal;Western;Madi ward-3;Exact;2019-03-07;2019-03-24;Confirmed;Influenza - Avian;H5N1 HPAI;domestic, chicken;100;23;23;77;;;;;
249487;OIE;27.771416;85.318687;Asia;Nepal;Central;Tarkeshwor;Exact;2019-03-07;2019-03-24;Confirmed;Influenza - Avian;H5N1 HPAI;domestic, chicken;30673;2125;2125;28548;;;;;
249486;OIE;27.762222;85.321944;Asia;Nepal;Central;Tokha;Exact;2019-03-07;2019-03-24;Confirmed;Influenza - Avian;H5N1 HPAI;domestic, chicken;2220;370;370;1850;;;;;
249485;OIE;30.51158;47.53062;Asia;Iraq;Basrah;Basrah market;Exact;2019-03-17;2019-03-24;Confirmed;Influenza - Avian;H5N8 HPAI;domestic, unspecified bird;5000;5000;2000;3000;;;;;
249357;National authorities;11.48682;105.32533;Asia;Cambodia;Prey Veng;Prey Veng;Centroid Locality;2018-11-27;2019-02-15;Confirmed;Influenza - Avian;H7N7 LPAI;environmental sample, unspecified bird;;;;;;;;;
249356;National authorities;11.48682;105.32533;Asia;Cambodia;Prey Veng;Prey Veng;Centroid Locality;2018-11-21;2019-02-15;Confirmed;Influenza - Avian;H7N9 LPAI;environmental sample, unspecified bird;;;;;;;;;
249353;National authorities;11.569583;104.921028;Asia;Cambodia;Phnom Penh;Phnom Penh ;Centroid Locality;2018-11-20;2019-02-15;Confirmed;Influenza - Avian;H7N3 LPAI;environmental sample, unspecified bird;;1;;;;;;;
249290;OIE;23.97414;120.39647;Asia;Taiwan (Province of China);Taiwan Sheng;Fangyuan Township;Exact;2019-03-12;2019-03-18;Confirmed;Influenza - Avian;H5N2 HPAI;domestic, chicken;17869;1305;1305;16564;;;;;
249048;OIE;55.5119;9.9781;Europe;Denmark;Fyn;Brenderup;Exact;2019-03-12;2019-03-15;Confirmed;Influenza - Avian;H7 LPAI;domestic, duck;3300;;;3300;;;;;
249046;OIE;27.769718;85.317463;Asia;Nepal;Central;Tarkeshwor-1;Exact;2019-02-28;2019-03-17;Confirmed;Influenza - Avian;H5N1 HPAI;domestic, unspecified bird;5852;2600;2600;3252;;;;;
249045;OIE;27.396939;85.063117;Asia;Nepal;Central;Hetauda Submetropolitan;Exact;2019-02-14;2019-03-17;Confirmed;Influenza - Avian;H5N1 HPAI;domestic, unspecified bird;50894;9769;9769;41125;;;;;
249044;OIE;38.045756;46.197428;Asia;Iran  (Islamic Republic of);East Azarbayejan;Tabriz city;Exact;2019-02-26;2019-03-18;Confirmed;Influenza - Avian;H5N8 HPAI;domestic, unspecified bird;31;31;10;21;;;;;
248985;OIE;23.85947;120.29204;Asia;Taiwan (Province of China);Taiwan Sheng;Dacheng Township;Exact;2019-03-04;2019-03-12;Confirmed;Influenza - Avian;H5N2 HPAI;domestic, chicken;34200;800;800;33400;;;;;
248984;OIE;23.739512;120.239687;Asia;Taiwan (Province of China);Taiwan Sheng;Dongshi Township;Exact;2019-02-25;2019-03-12;Confirmed;Influenza - Avian;H5N2 HPAI;domestic, chicken;18903;52;52;18851;;;;;
248872;OIE;-29.7613;25.759473;Africa;South Africa;Free State;Letsemeng;Centroid Admin2;2019-02-01;2019-03-14;Confirmed;Influenza - Avian;H5N8 HPAI;domestic, ostrich;4372;75;;1;;;0;;
248811;OIE;43.18;24.67;Europe;Bulgaria;Lovech;Lisets;Exact;2019-03-13;2019-03-13;Confirmed;Influenza - Avian;H5 HPAI;domestic, unspecified bird;3200;20;0;;;;0;;
248643;OIE;15.4813;108.367;Asia;Viet Nam;Quang Nam;Tien Tho;Exact;2019-02-11;2019-03-11;Confirmed;Influenza - Avian;H5N6 HPAI;domestic, duck;3800;1350;;3800;;;0;;
248343;OIE;22.71936111;120.56727778;Asia;Taiwan (Province of China);Taiwan Sheng;Yanpu Township;Exact;2019-02-21;2019-03-05;Confirmed;Influenza - Avian;H5N2 HPAI;domestic, chicken;31890;466;466;31424;;;;;
248342;OIE;24.1502;86.6397;Asia;India;Jharkhand;Palojori Police Station;Exact;2019-02-13;2019-03-07;Confirmed;Influenza - Avian;H5N1 HPAI;wild, crow;;9;9;;;;0;;
248341;OIE;23.3441;85.3096;Asia;India;Jharkhand;Oxygen Park;Exact;2019-02-07;2019-03-07;Confirmed;Influenza - Avian;H5N1 HPAI;wild, crow;;1;1;;;;;;
248311;OIE;56.8177;10.0358;Europe;Denmark;Nordjylland;Terndrup;Exact;2019-02-26;2019-03-01;Confirmed;Influenza - Avian;H5 LPAI;domestic, chicken;7000;;;7000;;;;;
248299;FAO Field Officer;31.01;31.32;Africa;Egypt;Dakahlia;Ouaish Elhagar;Exact;2018-12-31;2019-03-06;Confirmed;Influenza - Avian;H5N2 HPAI;domestic, duck;1000;10;;10;;;0;;
247951;OIE;26.64138;101.39805;Asia;China;Yunnan Sheng;Xingquan town community;Exact;2019-02-13;2019-02-27;Confirmed;Influenza - Avian;H5N6 HPAI;domestic, unspecified bird;56380;463;463;55917;;;;;
247915;OIE;-29.7;24.4;Africa;South Africa;Free State;LPAI_H7N2_2019_001;Exact;2019-02-01;2019-02-20;Confirmed;Influenza - Avian;H7N2 LPAI;domestic, ostrich;4372;75;;1;;;;;
247853;OIE;23.707283;120.40456;Asia;Taiwan (Province of China);Taiwan Sheng;Huwei;Exact;2019-02-19;2019-02-26;Confirmed;Influenza - Avian;H5N2 HPAI;domestic, chicken;16788;60;60;16728;;;;;
247852;OIE;23.852358;120.289689;Asia;Taiwan (Province of China);Taiwan Sheng;Dacheng;Exact;2019-02-13;2019-02-26;Confirmed;Influenza - Avian;H5N2 HPAI;domestic, chicken;34990;2450;2450;32540;;;;;
247851;OIE;23.591721;120.254411;Asia;Taiwan (Province of China);Taiwan Sheng;Shuilin;Exact;2019-01-30;2019-02-26;Confirmed;Influenza - Avian;H5N2 HPAI;domestic, turkey;1005;141;141;864;;;;;
247850;OIE;23.688737;120.267855;Asia;Taiwan (Province of China);Taiwan Sheng;Dongshi;Exact;2019-01-26;2019-02-26;Confirmed;Influenza - Avian;H5N2 HPAI;domestic, chicken;12713;1609;1609;11104;;;;;
247766;OIE;10.0215;8.9666;Africa;Nigeria;Bauchi;Sabon Garin Narayi;Exact;2019-01-28;2019-02-27;Confirmed;Influenza - Avian;H5N8 HPAI;domestic, chicken;460;200;105;335;;;;;
247750;OIE;33.720231;73.108652;Asia;Pakistan;Islamabad;Diplomatic Enclave;Exact;2019-01-07;2019-02-26;Confirmed;Influenza - Avian;H5N8 HPAI;wild, crow;;1;1;;;;0;;
247749;OIE;33.688928;72.987924;Asia;Pakistan;Islamabad;F 11/3;Exact;2019-01-02;2019-02-26;Confirmed;Influenza - Avian;H5N8 HPAI;wild, mallard, wild, anatidae, wild, swan;68;63;63;5;;;;;
247662;OIE;25.180833;87.349167;Asia;India;Jharkhand;Fajilkhutahari;Exact;2019-01-25;2019-02-16;Confirmed;Influenza - Avian;H5N1 HPAI;domestic, unspecified bird;4849;26;26;4823;;;;;
247632;OIE;23.8081;85.8233;Asia;India;Jharkhand;Gomia;Exact;2019-01-28;2019-02-22;Confirmed;Influenza - Avian;H5N1 HPAI;wild, crow;;25;25;0;;;;;
247631;OIE;24.8255;87.2135;Asia;India;Jharkhand;DC Campus, Godda;Exact;2019-01-28;2019-02-22;Confirmed;Influenza - Avian;H5N1 HPAI;wild, crow;;12;12;0;;;;;
247630;OIE;25.216151;84.996358;Asia;India;Bihar;Collector Office Campus, Jehanabad;Exact;2019-02-01;2019-02-21;Confirmed;Influenza - Avian;H5N1 HPAI;wild, crow;;18;18;0;;;;;
247622;National authorities;26.958208;100.66324;Asia;China;Yunnan Sheng;Huaping County;Centroid Admin2;;2019-02-22;Confirmed;Influenza - Avian;H5N6 HPAI;domestic, unspecified bird;2861;463;463;;;;;;
247465;National Institute for Communicable Diseases, NICD;25.85;98.84;Asia;China;Yunnan Sheng;Lu Shui;Unknown;2019-01-27;2019-02-15;Confirmed;Influenza - Avian;H9N2 LPAI;;;;;;;Female;8;1;
247391;OIE;-34.0;21.6;Africa;South Africa;Western Cape;HPAI_H5N8_2017_203;Exact;2019-01-08;2019-02-18;Confirmed;Influenza - Avian;H5N8 HPAI;domestic, ostrich;2711;18;6;;;;;;
247390;OIE;-33.5;21.6;Africa;South Africa;Western Cape;HPAI_H5N8_2017_202;Exact;2018-12-07;2019-02-18;Confirmed;Influenza - Avian;H5N8 HPAI;domestic, ostrich;3348;168;168;;;;;;
247389;OIE;9.81123;8.903228;Africa;Nigeria;Plateau;Bukuru;Exact;2019-02-11;2019-02-15;Confirmed;Influenza - Avian;H5N8 HPAI;domestic, chicken;1040;60;60;980;;;;;
247388;OIE;9.86002;8.82131;Africa;Nigeria;Plateau;Rantya;Exact;2019-02-07;2019-02-15;Confirmed;Influenza - Avian;H5N8 HPAI;domestic, chicken;2900;11;11;2889;;;;;
246781;OIE;-26.65;15.16;Africa;Namibia;Karas;Luderitz Marine ResearchQuarantine Centre;Unknown;2019-01-27;2019-02-12;Confirmed;Influenza - Avian;H5N8 HPAI;wild, jackass penguin spheniscus demersus;2;2;0;2;;;0;;
246691;National authorities;35.943889;126.954444;Asia;Republic of Korea;Chollabuk-do;Mangyeong-Gang, Iksan City, Jeollabuk-do ;Centroid Locality;2019-01-28;2019-02-02;Confirmed;Influenza - Avian;H7N7 LPAI;environmental sample, unspecified bird;;;;;;;;;
246690;National authorities;34.798333;126.7;Asia;Republic of Korea;Chollanam-do;Yeongamcheon, Yeongam County, Chungcheongnam-do ;Centroid Locality;2019-01-07;2019-01-10;Confirmed;Influenza - Avian;H7N7 LPAI;wild, unspecified bird;;;;;;;;;
246689;National authorities;37.75;128.9;Asia;Republic of Korea;Kang-won-do;Namdaecheon, Gangneung City, Gangwon-do on ;Centroid Locality;2019-01-07;2019-01-09;Confirmed;Influenza - Avian;H7N7 LPAI;environmental sample, unspecified bird;;;;;;;;;
246688;National authorities;35.270833;128.663056;Asia;Republic of Korea;Kyongsangnam-do;Junan reservoir at Changwon City, Gyeongsangnam-do ;Centroid Locality;;2019-01-02;Confirmed;Influenza - Avian;H5 LPAI;environmental sample, unspecified bird;;;;;;;;;
246687;National authorities;35.134722;126.794444;Asia;Republic of Korea;Chollanam-do;Hwanglyonggang, Gwangsan District, Gwangju Metropolitan City;Centroid Locality;2019-01-14;2019-01-16;Confirmed;Influenza - Avian;H5 LPAI;environmental sample, unspecified bird;;;;;;;;;
246686;National authorities;35.983333;126.716667;Asia;Republic of Korea;Chollabuk-do;Geum Gangho, Gunsan City, Jeollabuk-do ;Centroid Locality;2018-12-26;2019-01-02;Confirmed;Influenza - Avian;H5 LPAI;environmental sample, unspecified bird;;;;;;;;;
246685;National authorities;35.066667;128.083333;Asia;Republic of Korea;Kyongsangnam-do;Sacheonman, Sacheon City, Gyeongsangnam-do ;Centroid Locality;2019-01-21;2019-01-29;Confirmed;Influenza - Avian;H7N6 LPAI;environmental sample, unspecified bird;;;;;;;;;
246529;National authorities;36.633333;127.483333;Asia;Republic of Korea;Chungchongbuk-do;Mihocheon, Cheongju City, Chungcheongbuk-do ;Centroid Locality;2019-01-28;2019-02-02;Confirmed;Influenza - Avian;H5N3 LPAI;environmental sample, unspecified env. sample;;;;;;;;;
246528;National authorities;35.730278;128.268889;Asia;Republic of Korea;Kyongsangbuk-do;Nakdong River, Golyeong County, Gyeongsangbuk-do ;Centroid Locality;2019-01-28;2019-01-30;Confirmed;Influenza - Avian;H7 LPAI;environmental sample, unspecified env. sample;;;;;;;;;
246335;National authorities;35.166667;129.066667;Asia;Republic of Korea;Pusan;Eulsug Island, Saha District, Busan City ;Centroid Locality;2019-01-23;2019-01-29;Confirmed;Influenza - Avian;H7 LPAI;wild, unspecified bird;;;;;;;;;
246330;National authorities;36.45;127.116667;Asia;Republic of Korea;Taejon;Gongju City ;Centroid Locality;2019-01-23;2019-01-29;Confirmed;Influenza - Avian;H7 LPAI;environmental sample, unspecified bird;;;;;;;;;
246271;OIE;37.02722;45.96961;Asia;Iran  (Islamic Republic of);West Azarbayejan;Hasel Ghopi Afshar;Exact;2019-01-26;2019-02-05;Confirmed;Influenza - Avian;H5N8 HPAI;domestic, unspecified bird;190;190;7;183;;;;;
246270;OIE;37.28754;49.90987;Asia;Iran  (Islamic Republic of);Gilan;Iishliki;Exact;2019-01-25;2019-02-05;Confirmed;Influenza - Avian;H5N8 HPAI;domestic, unspecified bird;315;315;24;291;;;;;
246258;OIE;36.19326;49.25563;Asia;Iran  (Islamic Republic of);Zanjan;Bala shenat;Exact;2019-01-22;2019-02-02;Confirmed;Influenza - Avian;H5N8 HPAI;domestic, unspecified bird;823;823;25;798;;;;;
246251;OIE;29.311193;47.951374;Asia;Kuwait;Al Farwaniyah;Al Rai Live Bird Market;Unknown;2019-01-24;2019-02-05;Confirmed;Influenza - Avian;H5N8 HPAI;domestic, unspecified bird;2000;3;3;1997;;;0;;
246208;OIE;-26.65;15.08;Africa;Namibia;Karas;Halifax Island;Unknown;2019-01-27;2019-02-12;Confirmed;Influenza - Avian;H5N8 HPAI;wild, jackass penguin spheniscus demersus;7000;223;217;6;;;0;;
246066;OIE;24.91308;121.013272;Asia;Taiwan (Province of China);Taiwan Sheng;Xinfeng Township;Exact;2019-01-23;2019-01-28;Confirmed;Influenza - Avian;H5N2 HPAI;domestic, chicken;100;100;100;;;;;;
246065;OIE;22.833561;120.488211;Asia;Taiwan (Province of China);Taiwan Sheng;Ligang Township;Exact;2019-01-14;2019-01-28;Confirmed;Influenza - Avian;H5N2 HPAI;domestic, duck;6510;;;;6510;;;;
245813;OIE;47.525612;40.552595;Europe;Russian Federation;Rostovskaya Oblast;Ursdon 2;Exact;2019-01-21;2019-01-28;Confirmed;Influenza - Avian;H5 HPAI;domestic, turkey;16177;51;51;;;;;;
245812;OIE;10.3346;9.8584;Africa;Nigeria;Bauchi;Fadaman Mada;Exact;2019-01-10;2019-01-28;Confirmed;Influenza - Avian;H5N8 HPAI;domestic, chicken;2000;75;8;1992;;;;;
245811;OIE;-34.2;18.4;Africa;South Africa;Western Cape;HPAI_H5N8_2017_201;Exact;2018-11-20;2019-01-28;Confirmed;Influenza - Avian;H5N8 HPAI;domestic, ostrich;112;7;;;;;;;
245810;OIE;-34.2;20.7;Africa;South Africa;Western Cape;HPAI_H5N8_2017_199;Exact;2018-11-19;2019-01-28;Confirmed;Influenza - Avian;H5N8 HPAI;domestic, ostrich;390;6;5;;;;;;
245809;OIE;-34.2;21.0;Africa;South Africa;Western Cape;HPAI_H5N8_2017_198;Exact;2018-09-27;2019-01-28;Confirmed;Influenza - Avian;H5N8 HPAI;domestic, ostrich;500;10;10;;;;;;
245808;OIE;-33.5;22.4;Africa;South Africa;Western Cape;HPAI_H5N8_2017_200;Exact;2018-09-26;2019-01-28;Confirmed;Influenza - Avian;H5N8 HPAI;domestic, ostrich;1897;111;111;;;;;;
245807;OIE;-33.2;19.1;Africa;South Africa;Western Cape;HPAI_H5N8_2017_197;Exact;2018-08-13;2019-01-28;Confirmed;Influenza - Avian;H5N8 HPAI;domestic, ostrich;3634;25;7;;;;;;
245752;National authorities;36.806991;127.150335;Asia;Republic of Korea;Chungchongnam-do;Dongnam District;Centroid Locality;2019-01-17;2019-01-25;Confirmed;Influenza - Avian;H7N9 LPAI;environmental sample, unspecified env. sample;;;;;;;;;
245718;OIE;19.8206;-70.93546;Americas;Dominican Republic;Puerto Plata;Puerto Plata;Exact;2018-11-02;2019-01-24;Confirmed;Influenza - Avian;H5N2 LPAI;domestic, unspecified bird;1126;773;745;136;217;;;;
245707;OIE;10.6805;9.7632;Africa;Nigeria;Bauchi;Gida Dubu;Exact;2019-01-19;2019-01-24;Confirmed;Influenza - Avian;H5N8 HPAI;domestic, chicken;848;50;27;;;;;;
245688;OIE;23.725714;120.554512;Asia;Taiwan (Province of China);Taiwan Sheng;Douliu City;Exact;2019-01-09;2019-01-21;Confirmed;Influenza - Avian;H5N2 HPAI;domestic, chicken;4761;;;4761;;;0;;
245687;OIE;24.113833;120.449778;Asia;Taiwan (Province of China);Taiwan Sheng;Lukang Township;Exact;2018-12-06;2019-01-21;Confirmed;Influenza - Avian;H5N2 HPAI;domestic, chicken;6958;;;6958;;;;;
245500;OIE;55.9588;11.7773;Europe;Denmark;Vestsjaelland;Rørvig;Exact;2019-01-04;2019-01-21;Confirmed;Influenza - Avian;H5N6 HPAI;wild, buzzard;;1;1;;;;;;
245337;OIE;55.2316;11.8316;Europe;Denmark;Storstroem;Næstved;Exact;2018-12-22;2019-01-15;Confirmed;Influenza - Avian;H5N6 HPAI;wild,white tailed eagle (haliaeetus albicilla));;1;1;;;;;;
245234;OIE;23.698137;120.237203;Asia;Taiwan (Province of China);Taiwan Sheng;Dongshi Township;Exact;2018-12-25;2019-01-11;Confirmed;Influenza - Avian;H5N2 HPAI;domestic, duck;2139;;;2139;;;;;
245197;OIE;47.508678;40.526786;Europe;Russian Federation;Rostovskaya Oblast;Ursdon;Exact;2019-01-04;2019-01-11;Confirmed;Influenza - Avian;H5 HPAI;domestic, turkey;17211;6355;6355;;;;;;
245154;OIE;23.652518;120.255147;Asia;Taiwan (Province of China);Taiwan Sheng;Sihu Township;Exact;2018-12-27;2019-01-04;Confirmed;Influenza - Avian;H5N2 HPAI;domestic, turkey;1413;424;424;989;;;;;
245153;OIE;36.4979;52.1864;Asia;Iran  (Islamic Republic of);Mazandaran;Nor joje;Exact;2018-12-25;2019-01-05;Confirmed;Influenza - Avian;H5N8 HPAI;domestic, chicken;35660;35260;394;35266;;;;;
245152;OIE;36.60364;52.74197;Asia;Iran  (Islamic Republic of);Mazandaran;Bala Langor;Exact;2018-12-24;2019-01-05;Confirmed;Influenza - Avian;H5N8 HPAI;domestic, duck;1400;1000;400;1000;;;;;
244981;OIE;20.454265;85.879212;Asia;India;Orissa;Cuttack municipality;Exact;2018-12-18;2019-01-07;Confirmed;Influenza - Avian;H5N1 HPAI;wild, crow;;3;3;;;;0;;
244980;OIE;20.1153;85.0725;Asia;India;Orissa;Muthagadia;Exact;2018-12-16;2019-01-07;Confirmed;Influenza - Avian;H5N1 HPAI;wild, crow;;3;3;;;;0;;
244979;OIE;25.59945;85.09889;Asia;India;Bihar;Patna (Sanjay Gandhi Zoological Park);Exact;2018-12-15;2019-01-07;Confirmed;Influenza - Avian;H5N1 HPAI;wild,phasianidae (phasianidae));;6;6;;;;0;;
244978;OIE;25.3652;86.4922;Asia;India;Bihar;Mubarakchak;Exact;2018-12-15;2019-01-07;Confirmed;Influenza - Avian;H5N1 HPAI;wild, crow;;40;40;;;;;;
244962;OIE;19.547775;85.267157;Asia;India;Orissa;Naba;Exact;2018-12-17;2019-01-04;Confirmed;Influenza - Avian;H5N1 HPAI;domestic, unspecified bird;2500;2500;2500;0;0;;;;
244961;OIE;19.539743;85.232267;Asia;India;Orissa;Nuagaon, Kantabania & Udayagiri;Exact;2018-12-17;2019-01-04;Confirmed;Influenza - Avian;H5N1 HPAI;domestic, unspecified bird;5800;4728;4728;1072;0;;;;
244811;OIE;25.191151;86.62709;Asia;India;Bihar;Goraho;Exact;2018-11-15;2018-12-28;Confirmed;Influenza - Avian;H5N1 HPAI;domestic, unspecified bird;705;117;117;588;0;;;;
244809;OIE;19.485;85.17305;Asia;India;Orissa;Nandala;Exact;2018-12-18;2018-12-28;Confirmed;Influenza - Avian;H5N1 HPAI;domestic, unspecified bird;548;0;0;548;0;;;;
244808;OIE;19.62541;85.25196;Asia;India;Orissa;Epinga (Bauripalli);Exact;2018-12-10;2018-12-28;Confirmed;Influenza - Avian;H5N1 HPAI;domestic, unspecified bird;164;0;0;164;0;;;;
244807;OIE;19.57919;85.27755;Asia;India;Orissa;Kanheipur (Harijansahi);Exact;2018-12-10;2018-12-28;Confirmed;Influenza - Avian;H5N1 HPAI;domestic, unspecified bird;106;0;0;106;0;;;;
244806;OIE;19.555775;85.247881;Asia;India;Orissa;Malud;Exact;2018-12-07;2018-12-28;Confirmed;Influenza - Avian;H5N1 HPAI;domestic, unspecified bird;185;0;0;185;0;;;;
244805;OIE;19.49888;85.193611;Asia;India;Orissa;Brahmandeo;Exact;2018-12-07;2018-12-28;Confirmed;Influenza - Avian;H5N1 HPAI;domestic, unspecified bird;10627;40;40;10587;0;;;;
244804;OIE;12.6419;108.3358;Asia;Viet Nam;Dak Lak;Tan Tien;Exact;2018-12-21;2018-12-27;Confirmed;Influenza - Avian;H5N1 HPAI;domestic, unspecified bird;215;100;50;0;165;;;;
244786;OIE;23.40009;120.50564;Asia;Taiwan (Province of China);Taiwan Sheng;Zhongpu Township;Exact;2018-12-18;2018-12-25;Confirmed;Influenza - Avian;H5N2 HPAI;domestic, unspecified bird;16;16;16;0;0;;;;
244785;OIE;24.9038;121.1943;Asia;Taiwan (Province of China);Taiwan Sheng;Pingzhen District;Exact;2018-12-17;2018-12-25;Confirmed;Influenza - Avian;H5N2 HPAI;domestic, unspecified bird;1202;33;33;1169;0;;;;
244709;OIE;42.4161;26.9308;Europe;Bulgaria;Jambol;Pravdino;Exact;2018-11-22;2018-12-23;Confirmed;Influenza - Avian;H5N8 HPAI;domestic, unspecified bird;50;50;33;17;0;;;;
244667;National authorities;-6.697366;108.39697;Asia;Indonesia;Jawa Barat;Kedungbunder;Exact;2018-12-13;2018-12-13;Confirmed;Influenza - Avian;H5N1 HPAI;domestic, chicken;;;29;;;;;;
244666;National authorities;-0.016677;110.801545;Asia;Indonesia;Kalimantan Barat;Sungai Ringin;Exact;2018-12-02;2018-12-02;Confirmed;Influenza - Avian;H5N1 HPAI;domestic, chicken;;;2000;;;;;;
244665;National authorities;-6.4555;107.814651;Asia;Indonesia;Jawa Barat;Kamarung;Exact;2018-11-30;2018-11-30;Confirmed;Influenza - Avian;H5N1 HPAI;domestic, chicken;;;912;;;;;;
244664;National authorities;-7.020862;110.444689;Asia;Indonesia;Jawa Tengah;Tandang;Exact;2018-11-28;2018-11-28;Confirmed;Influenza - Avian;H5N1 HPAI;domestic, chicken;;;74;;;;;;
244642;National authorities;-6.538804;107.765905;Asia;Indonesia;Jawa Barat;Sukamelang;Exact;2018-10-08;2018-10-08;Confirmed;Influenza - Avian;H5N1 HPAI;domestic, duck;;;500;;;;;;
244641;National authorities;-6.368349;107.785443;Asia;Indonesia;Jawa Barat;Mulyasari;Exact;2018-10-05;2018-10-05;Confirmed;Influenza - Avian;H5N1 HPAI;domestic, chicken;;;40;;;;;;
244639;National authorities;-6.552034;107.73266;Asia;Indonesia;Jawa Barat;Dangdeur;Exact;2018-10-04;2018-10-04;Confirmed;Influenza - Avian;H5N1 HPAI;domestic, muscovy ducks;;;14;;;;;;
244608;National authorities;0.808344;124.562707;Asia;Indonesia;Sulawesi Utara;Tombolikat Selatan;Exact;2018-07-06;2018-07-06;Confirmed;Influenza - Avian;H5N1 HPAI;domestic, chicken;;;145;;;;;;
244607;National authorities;0.772214;124.501157;Asia;Indonesia;Sulawesi Utara;Tutuyan;Exact;2018-07-06;2018-07-06;Confirmed;Influenza - Avian;H5N1 HPAI;domestic, duck;;;2;;;;;;
244606;National authorities;0.800692;124.539021;Asia;Indonesia;Sulawesi Utara;Tutuyan III;Exact;2018-07-06;2018-07-06;Confirmed;Influenza - Avian;H5N1 HPAI;domestic, chicken;;;9;;;;;;
244605;National authorities;0.821782;124.551907;Asia;Indonesia;Sulawesi Utara;Kayumoyondi;Exact;2018-07-05;2018-07-05;Confirmed;Influenza - Avian;H5N1 HPAI;domestic, chicken;;;161;;;;;;
244579;National authorities;52.908745;6.696514;Europe;Netherlands;Drenthe;Veeningen Village, De Wolden Municipality;Centroid Admin1;2018-12-24;2018-12-24;Confirmed;Influenza - Avian;H5 LPAI;captive, swan;;75;;;;;;;
244578;National authorities;22.889451;112.430983;Asia;China;Guangdong Sheng;Guangdong Sheng;Centroid Admin1;2018-12-19;2019-01-02;Confirmed;Influenza - Avian;H9N2 LPAI;;;;;;;Female;32;1;
244553;National authorities;21.3228;107.5137;Asia;Viet Nam;Quang Ninh;Lang Nhoi village, Dong Hai commune;Exact;2018-12-10;2018-12-21;Confirmed;Influenza - Avian;H5N6 HPAI;domestic, unspecified bird;1173;750;750;423;;;;;
244551;OIE;19.6275;85.30194444;Asia;India;Orissa;Alanda and Siala;Exact;2018-12-07;2018-12-15;Confirmed;Influenza - Avian;H5N1 HPAI;wild, house crow;;120;120;0;0;;;;
244550;National authorities;25.347222;110.441174;Asia;China;Guangxi Zhuangzu Zizhiqu;Guilin;Centroid Admin2;2018-10-10;2018-12-20;Confirmed;Influenza - Avian;H9N2 LPAI;;;;;;;Male;3;1;
244548;National authorities;22.840217;111.794852;Asia;China;Guangdong Sheng;Yunfu;Centroid Admin2;2018-10-16;2018-12-20;Confirmed;Influenza - Avian;H9N2 LPAI;;;;;;;Female;1;1;
244359;OIE;55.2333;11.2908;Europe;Denmark;Vestsjaelland;Skaelskoer;Exact;2018-09-19;2018-12-19;Confirmed;Influenza - Avian;H5N6 HPAI;wild,common pheasant (phasianus colchicus));;3;3;0;;;0;;
244358;OIE;54.8381;11.4862;Europe;Denmark;Storstroem;Bandholm ;Exact;2018-09-03;2018-12-19;Confirmed;Influenza - Avian;H5N6 HPAI;wild, greylag goose;;1;1;0;;;0;;
244155;National authorities;44.0969;22.6353;Europe;Bulgaria;Vidin;Kosovo;Exact;2018-12-17;2018-12-17;Confirmed;Influenza - Avian;H5 HPAI;domestic,chicken,domestic,pigeon,domestic,common pheasant (phasianus colchicus));403;;;;;;0;;
244064;OIE;23.694838;120.246618;Asia;Taiwan (Province of China);Taiwan Sheng;Dongshi Township;Exact;2018-11-26;2018-12-17;Confirmed;Influenza - Avian;H5N2 HPAI;domestic, duck;3152;;;3152;;;;;
244063;OIE;23.695853;120.245367;Asia;Taiwan (Province of China);Taiwan Sheng;Dongshi Township;Exact;2018-11-21;2018-12-17;Confirmed;Influenza - Avian;H5N2 HPAI;domestic, duck;1891;;;1891;;;;;
243942;OIE;19.56816;85.241236;Asia;India;Orissa;Budhibara(Sanasahi) and Patharagang;Exact;2018-12-07;2018-12-14;Confirmed;Influenza - Avian;H5N1 HPAI;domestic, unspecified bird;6123;5603;5603;520;0;;0;;
243803;OIE;38.50463;47.05185;Asia;Iran  (Islamic Republic of);East Azarbayejan;Yaghbastloo;Exact;2018-11-19;2018-12-11;Confirmed;Influenza - Avian;H5N8 HPAI;domestic, turkey;32;22;10;22;;;;;
243802;OIE;38.474767;47.072252;Asia;Iran  (Islamic Republic of);East Azarbayejan;Bahman;Exact;2018-11-18;2018-12-11;Confirmed;Influenza - Avian;H5N8 HPAI;domestic, turkey;53;53;3;50;;;;;
243801;OIE;38.48559;47.09883;Asia;Iran  (Islamic Republic of);East Azarbayejan;Sholebaran;Exact;2018-11-15;2018-12-11;Confirmed;Influenza - Avian;H5N8 HPAI;domestic, turkey;215;199;145;70;;;;;
243659;National authorities;31.439757;120.780204;Asia;China;Jiangsu Sheng;Suzhou;Centroid Admin2;2018-10-29;2018-11-23;Confirmed;Influenza - Avian;H5N6 HPAI;;;;;;;Female;10;1;
243495;OIE;23.663665;120.323365;Asia;Taiwan (Province of China);Taiwan Sheng;Yuanchang Township;Exact;2018-11-21;2018-12-04;Confirmed;Influenza - Avian;H5N2 HPAI;domestic, goose;1524;146;146;1378;;;;;
243494;OIE;23.719285;120.235539;Asia;Taiwan (Province of China);Taiwan Sheng;Taixi Township;Exact;2018-11-15;2018-12-04;Confirmed;Influenza - Avian;H5N2 HPAI;domestic, duck;2206;;;2206;;;;;
243387;National authorities;37.542616;127.462483;Asia;Republic of Korea;Kyonggi-do;Hwaseong Sihwaho ;Centroid Admin1;2018-11-29;2018-12-04;Confirmed;Influenza - Avian;H5N2 LPAI, H7N7 LPAI;environmental sample, unspecified bird;;;;;;;0;;
243386;National authorities;36.519053;126.846962;Asia;Republic of Korea;Chungchongnam-do;Chungnam Province;Centroid Admin1;;2018-12-03;Confirmed;Influenza - Avian;H5 LPAI;environmental sample, unspecified bird;;;;;;;0;;
243303;National authorities;37.542616;127.462483;Asia;Republic of Korea;Kyonggi-do;South Han;Centroid Admin1;2018-12-03;2018-12-05;Confirmed;Influenza - Avian;H5 LPAI;environmental sample, unspecified bird;;;;;;;0;;
243302;National authorities;37.554493;126.95169;Asia;Republic of Korea;Seoul;Gangseo District;Centroid Admin1;2018-12-03;2018-12-05;Confirmed;Influenza - Avian;H5 LPAI;environmental sample, unspecified bird;;;;;;;0;;
243273;OIE;35.70049;52.0575;Asia;Iran  (Islamic Republic of);Tehran;Valiran;Exact;2018-09-30;2018-12-01;Confirmed;Influenza - Avian;H5N8 HPAI;domestic, unspecified bird;138;10;5;133;;;;;
243121;OIE;-34.2;20.4;Africa;South Africa;Western Cape;HPAI_H5N8_2017_195;Exact;2018-10-29;2018-11-27;Confirmed;Influenza - Avian;H5N8 HPAI;domestic, ostrich;461;20;20;0;0;;;;
243094;OIE;45.114;-95.036;Americas;United States of America;Minnesota;Kandiyohi County;Exact;2018-11-13;2018-11-28;Confirmed;Influenza - Avian;H5N2 LPAI;domestic, turkey;40000;;;;;;0;;
242886;OIE;32.523;119.799;Asia;China;Jiangsu Sheng;Huinan Village;Exact;2018-11-10;2018-11-22;Confirmed;Influenza - Avian;H5N6 HPAI;domestic, unspecified bird;31649;1200;320;31329;;;0;;
242731;National authorities;25.558;102.465;Asia;China;Yunnan Sheng;Guantian Village,Pingshan Township, Luquan, ;Centroid Locality;2018-11-03;2018-11-21;Confirmed;Influenza - Avian;H5N6 HPAI;domestic, unspecified bird;13884;6540;5400;8484;;;0;;
242729;National authorities;25.101;98.587;Asia;China;Yunnan Sheng;Dengjiazai Village,Beihai Township, Tengchong City;Exact;2018-10-28;2018-11-21;Confirmed;Influenza - Avian;H5N6 HPAI;domestic, unspecified bird;6216;4800;4420;1796;;;0;;
242706;OIE;42.31451;25.09186;Europe;Bulgaria;Plovdiv;Choba;Exact;2018-11-15;2018-11-17;Confirmed;Influenza - Avian;H5N8 HPAI;domestic, unspecified bird;1380;20;;1380;;;;;
242696;OIE;45.11;-95.041;Americas;United States of America;Minnesota;Kandiyohi County;Exact;2018-11-12;2018-11-15;Confirmed;Influenza - Avian;H5N2 LPAI;domestic, turkey;89600;;;;;;;;
242631;OIE;23.601129;120.271032;Asia;Taiwan (Province of China);Taiwan Sheng;Beigang Township;Exact;2018-11-07;2018-11-13;Confirmed;Influenza - Avian;H5N2 HPAI;domestic, unspecified bird;640;626;626;14;0;;;;
242578;National authorities;41.8417;25.7939;Europe;Bulgaria;Haskovo;Elena;Exact;2018-11-09;2018-11-13;Confirmed;Influenza - Avian;H5N8 HPAI;domestic, unspecified bird;220;200;20;200;;;0;;
242577;National authorities;42.0342;25.6633;Europe;Bulgaria;Haskovo;Chernogorovo;Exact;2018-11-07;2018-11-13;Confirmed;Influenza - Avian;H5N8 HPAI;domestic, chicken;39200;550;550;38650;;;0;;
242576;National authorities;42.3372;25.1506;Europe;Bulgaria;Stara Zagora;Pravoslav;Exact;2018-11-07;2018-11-13;Confirmed;Influenza - Avian;H5N8 HPAI;domestic, duck;3500;3;3;3497;;;0;;
242547;OIE;45.553;-94.163;Americas;United States of America;Minnesota;Stearns County;Unknown;2018-11-01;2018-11-08;Confirmed;Influenza - Avian;H5N2 LPAI;domestic, turkey;61000;0;0;0;0;;;;
242546;OIE;45.111;-95.047;Americas;United States of America;Minnesota;Kandiyohi County;Unknown;2018-10-31;2018-11-08;Confirmed;Influenza - Avian;H5N2 LPAI;domestic, turkey;50000;0;0;0;0;;;;
242545;OIE;45.557;-94.162;Americas;United States of America;Minnesota;Stearns County;Unknown;2018-10-31;2018-11-08;Confirmed;Influenza - Avian;H5N2 LPAI;domestic, turkey;24000;0;0;0;0;;;;
242544;OIE;45.554;-94.166;Americas;United States of America;Minnesota;Stearns County;Unknown;2018-10-23;2018-11-08;Confirmed;Influenza - Avian;H5N2 LPAI;domestic, turkey;43000;0;0;0;0;;;;
242389;OIE;51.04813;39.95566;Europe;Russian Federation;Voronezhskaya Oblast;Bobrovsky ;Exact;2018-10-31;2018-11-06;Confirmed;Influenza - Avian;H5 HPAI;domestic, unspecified bird;342300;122300;122300;82;;;0;;
242356;OIE;18.7465;105.6298;Asia;Viet Nam;Nghe An;Nghi Van;Exact;2018-10-29;2018-11-05;Confirmed;Influenza - Avian;H5N6 HPAI;domestic, unspecified bird;1500;720;280;1220;;;;;
242333;National authorities;41.8558;25.5444;Europe;Bulgaria;Haskovo;Voivodovo;Exact;2018-10-17;2018-10-31;Confirmed;Influenza - Avian;H5N8 HPAI;domestic, unspecified bird;150;138;138;12;;;0;;
242330;National authorities;45.56;-94.163;Americas;United States of America;Minnesota;Stearns County ;Exact;2018-10-30;2018-11-01;Confirmed;Influenza - Avian;H5N2 LPAI;domestic, turkey;34450;;;;;;0;;
242297;OIE;13.06;109.2795;Asia;Viet Nam;Phu Yen;Dong Binh;Exact;2018-10-27;2018-11-02;Confirmed;Influenza - Avian;H5N6 HPAI;domestic, unspecified bird;2900;1700;1700;1900;;;;;
242296;OIE;-34.0;21.6;Africa;South Africa;Western Cape;HPAI_H5N8_2017_194;Exact;2018-09-15;2018-11-02;Confirmed;Influenza - Avian;H5N8 HPAI;domestic, ostrich;1014;8;2;;;;;;
242230;National authorities;24.662985;107.838044;Asia;China;Guangxi Zhuangzu Zizhiqu;Hechi;Centroid Admin2;2018-10-18;2018-10-31;Confirmed;Influenza - Avian;H5N6 HPAI;;;;;;;Male;44;1;1
242229;OIE;23.609361;120.30366;Asia;Taiwan (Province of China);Taiwan Sheng;Beigang Township;Exact;2018-10-20;2018-11-01;Confirmed;Influenza - Avian;H5N2 HPAI;domestic, turkey;6315;2730;2730;3585;;;;;
242199;National authorities;42.0453;25.3508;Europe;Bulgaria;Haskovo;Varbitsa;Exact;2018-10-29;2018-10-31;Confirmed;Influenza - Avian;H5N8 HPAI;domestic, duck;4000;20;;3980;;;0;;
242198;National authorities;42.1019;25.0244;Europe;Bulgaria;Plovdiv;Bogdanitsa village;Exact;2018-10-29;2018-10-31;Confirmed;Influenza - Avian;H5N8 HPAI;domestic, chicken;39177;4200;4200;34977;;;0;;
242154;OIE;41.86;25.6278;Europe;Bulgaria;Haskovo;Malevo;Exact;2018-10-26;2018-10-26;Confirmed;Influenza - Avian;H5N8 HPAI;domestic, unspecified bird;1000;;;;;;0;;
242153;OIE;41.9667;25.4456;Europe;Bulgaria;Haskovo;Garvanovo;Exact;2018-10-26;2018-10-26;Confirmed;Influenza - Avian;H5N8 HPAI;domestic, unspecified bird;12797;;;;;;0;;
242152;OIE;42.0886;24.8181;Europe;Bulgaria;Plovdiv;Krumovo;Exact;2018-10-23;2018-10-26;Confirmed;Influenza - Avian;H5N8 HPAI;domestic, unspecified bird;85;78;78;7;;;;;
242015;OIE;30.691;111.246;Asia;China;Hubei Sheng;Fanjiahu Village;Exact;2018-09-24;2018-10-24;Confirmed;Influenza - Avian;H5N6 HPAI;domestic, unspecified bird;5337;340;340;4997;;;;;
241947;OIE;15.468588;106.532138;Asia;Lao People's Democratic Republic;Xekong;Kandonmai ;Exact;2018-10-10;2018-10-22;Confirmed;Influenza - Avian;H5N1 HPAI;domestic, unspecified bird;45;28;18;27;;;0;;
241946;OIE;45.122;-95.049;Americas;United States of America;Minnesota;Kandiyohi County;Exact;2018-10-19;2018-10-22;Confirmed;Influenza - Avian;H5N2 LPAI;domestic, turkey;40000;;;;;;0;;
241909;National authorities;37.542616;127.462483;Asia;Republic of Korea;Kyonggi-do;mouth of the Han River in Paju, Gyeonggi province;Centroid Admin1;2018-10-11;2018-10-18;Confirmed;Influenza - Avian;H5N2 LPAI;environmental sample, unspecified bird;;;;;;;0;;
241908;National authorities;37.542616;127.462483;Asia;Republic of Korea;Kyonggi-do;Paju, Gyeonggi-do (Munsan Stream) ;Centroid Admin1;2018-10-15;2018-10-18;Confirmed;Influenza - Avian;H5N2 LPAI;environmental sample, unspecified bird;0;0;0;0;0;;0;;
241860;National authorities;36.75;127.75;Asia;Republic of Korea;Chungchongbuk-do;Cheongju Mihocheon in Chungbuk Province ;Centroid Admin1;2018-10-15;2018-10-18;Confirmed;Influenza - Avian;H5 LPAI;environmental sample, unspecified bird;0;0;0;0;0;;0;;
241859;National authorities;35.816667;127.15;Asia;Republic of Korea;Chollabuk-do;Mt. Mangyeong River Estuary in Jeonbuk Province ;Centroid Admin1;2018-10-10;2018-10-18;Confirmed;Influenza - Avian;H5N2 LPAI;environmental sample, unspecified bird;0;0;0;0;0;;0;;
241766;OIE;12.4767;108.4031;Asia;Viet Nam;Dak Lak;Village 2;Exact;2018-10-07;2018-10-18;Confirmed;Influenza - Avian;H5N6 HPAI;domestic, unspecified bird;2500;100;100;2400;;;;;
241765;National authorities;41.86;25.55;Europe;Bulgaria;Haskovo;Voyvodovo;Centroid Admin2;2018-10-17;2018-10-18;Confirmed;Influenza - Avian;H5 HPAI;domestic, chicken;130000;7387;7387;122613;;;0;;
241761;National authorities;41.86;25.55;Europe;Bulgaria;Haskovo;Voyvodovo;Exact;2018-10-17;2018-10-18;Confirmed;Influenza - Avian;H5 HPAI;domestic, duck;16000;331;331;15669;;;0;;
241211;OIE;37.62;-120.969;Americas;United States of America;California;Stanislaus County;Exact;2018-10-04;2018-10-12;Confirmed;Influenza - Avian;H7N3 LPAI;domestic, turkey;33400;;;;;;;;
241068;OIE;22.74791667;120.58841667;Asia;Taiwan (Province of China);Taiwan Sheng; Yanpu Township ;Exact;2018-10-03;2018-10-09;Confirmed;Influenza - Avian;H5N2 HPAI;domestic, chicken;10618;1670;1670;8948;;;0;;
241067;OIE;23.75477222;120.22635278;Asia;Taiwan (Province of China);Taiwan Sheng;Taixi Township;Exact;2018-09-25;2018-10-09;Confirmed;Influenza - Avian;H5N2 HPAI;domestic, duck;4290;;60;4290;;;0;;
240989;National authorities;27.809;109.392;Asia;China;Hunan Sheng;Dutong Village,Chatian Township, Fenghuang County;Exact;2018-09-26;2018-10-09;Confirmed;Influenza - Avian;H5N6 HPAI;domestic, unspecified bird;1414;516;385;1029;;;0;;
240960;OIE;22.627445;120.525131;Asia;Taiwan (Province of China);Taiwan Sheng;Zhutian Township;Exact;2018-09-23;2018-10-08;Confirmed;Influenza - Avian;H5N2 HPAI;domestic, duck;;60;60;;;;;;
240868;National authorities;42.2047;24.9581;Europe;Bulgaria;Plovdiv;Manolsko Konare;Exact;2018-10-03;2018-10-05;Confirmed;Influenza - Avian;H5N8 HPAI;domestic, chicken, domestic, turkey;406;98;98;308;;;0;;
240718;OIE;48.3498;40.2975;Europe;Russian Federation;Rostovskaya Oblast;Staraya Stanitsa;Exact;2018-09-24;2018-10-01;Confirmed;Influenza - Avian;H5 HPAI;domestic, unspecified bird;274929;11979;11979;82;;;0;;
240709;National authorities;25.832;106.665;Asia;China;Guizhou Sheng;Xinmin Village ;Centroid Locality;2018-09-07;2018-09-29;Confirmed;Influenza - Avian;H5N6 HPAI;domestic, unspecified bird;37299;5297;4948;32351;;;0;;
240695;National authorities;23.133333;113.266667;Asia;China;Guangdong Sheng;Guangzhou;Exact;2018-09-25;2018-09-30;Confirmed;Influenza - Avian;H5N6 HPAI;;;;;;;Male;22;1;0
240658;OIE;23.77768;120.45968;Asia;Taiwan (Province of China);Taiwan Sheng;Xiluo Township;Exact;2018-09-16;2018-09-26;Confirmed;Influenza - Avian;H5N2 HPAI;domestic, goose;1914;84;84;1830;;;;;
240527;National authorities;22.6315;106.288;Asia;Viet Nam;Cao Bang;Duyet Trung ward;Exact;2018-09-14;2018-09-21;Confirmed;Influenza - Avian;H5N6 HPAI;domestic, chicken, domestic, duck, domestic, goose;6803;;;6803;;;0;;
240525;National authorities;23.601248;120.826967;Asia;Taiwan (Province of China);Taiwan Sheng;Xiluo Township;Centroid Admin1;2018-09-16;2018-09-19;Confirmed;Influenza - Avian;H5N2 HPAI;domestic, unspecified bird;;;;;;;0;;
240524;National authorities;42.2089;24.8764;Europe;Bulgaria;Plovdiv;Trilistnik;Centroid Admin2;2018-09-19;2018-09-19;Confirmed;Influenza - Avian;H5N8 HPAI;domestic, unspecified bird;44063;415;415;43648;;;0;;
240405;OIE;37.51;-120.988;Americas;United States of America;California;Stanislaus County;Exact;2018-09-12;2018-09-19;Confirmed;Influenza - Avian;H7N3 LPAI;domestic, turkey;35000;;;35000;;;;;
240282;OIE;-32.1;21.6;Africa;South Africa;Northern Cape;HPAI_H5N8_2017_193;Exact;2018-09-03;2018-09-14;Confirmed;Influenza - Avian;H5N8 HPAI;domestic, ostrich;;1;;;;;;;
240233;OIE;37.51;-120.988;Americas;United States of America;California;Stanislaus County;Exact;2018-09-06;2018-09-12;Confirmed;Influenza - Avian;H7N3 LPAI;domestic, turkey;26258;;;26258;;;;;
240025;OIE;55.209145;11.187172;Europe;Denmark;Vestsjaelland;Orehoved;Centroid Locality;2018-09-03;2018-09-11;Confirmed;Influenza - Avian;H5N6 HPAI;wild,mute swan (cygnus olor), wild, common eider (somateria mollissima));;2;2;;;;0;;
240023;OIE;55.209145;11.187172;Europe;Denmark;Vestsjaelland;Egholm;Centroid Locality;2018-08-27;2018-09-11;Confirmed;Influenza - Avian;H5N6 HPAI;wild,mallard,wild,common pheasant (phasianus colchicus));;4;4;;;;;;
240015;OIE;23.60939;120.31081;Asia;Taiwan (Province of China);Taiwan Sheng;Beigang Township ;Exact;2018-09-03;2018-09-10;Confirmed;Influenza - Avian;H5N2 HPAI;domestic, turkey;2652;450;450;2202;;;0;;
240012;OIE;23.699358;120.238394;Asia;Taiwan (Province of China);Taiwan Sheng; Dongshi Township ;Exact;2018-08-30;2018-09-10;Confirmed;Influenza - Avian;H5N2 HPAI;domestic, goose;3279;1213;1213;2066;;;;;
239474;OIE;23.75283;120.21884;Asia;Taiwan (Province of China);Taiwan Sheng;TaixiTownship ;Exact;2018-08-26;2018-09-04;Confirmed;Influenza - Avian;H5N2 HPAI;domestic, chicken;28716;6380;6380;22336;;;0;;
239473;OIE;22.809953;120.311241;Asia;Taiwan (Province of China);Taiwan Sheng;Gangshan District ;Exact;2018-08-19;2018-09-04;Confirmed;Influenza - Avian;H5N2 HPAI;domestic, chicken;1615;;0;1615;;;0;;
239464;National authorities;53.88;11.5;Europe;Germany;Mecklenburg-Vorpommern;Wismar, Nordwestmecklenburg ;Exact;2018-08-31;2018-09-04;Confirmed;Influenza - Avian;H5N6 HPAI;domestic, chicken;133;15;14;119;;;0;;
239460;National authorities;54.796;11.63;Europe;Denmark;Storstroem;Sakskøbing;Unknown;2018-08-31;2018-09-03;Confirmed;Influenza - Avian;H5N6 HPAI;wild, swan;;;;;;;0;;
239459;National authorities;57.06;9.84;Europe;Denmark;Nordjylland;Egholm;Unknown;2018-08-31;2018-09-03;Confirmed;Influenza - Avian;H5N6 HPAI;wild, unspecified bird;;;;;;;0;;
239440;National authorities;22.648495;114.144804;Asia;China;Guangdong Sheng;Shenzhen;Centroid Admin2;2018-07-21;2018-07-31;Confirmed;Influenza - Avian;H9N2 LPAI;;;;;;;Female;24;1;
239439;National authorities;24.676294;109.776963;Asia;China;Guangxi Zhuangzu Zizhiqu;Laibin;Centroid Admin2;2018-08-10;2018-08-20;Confirmed;Influenza - Avian;H5N6 HPAI;;;;;;;Male;42;1;0
239438;International reference laboratory;52.28;5.29;Europe;Netherlands;Noord-holland;Eemmeer, Blaricum;Unknown;;2018-08-29;Confirmed;Influenza - Avian;H5N6 HPAI;wild, mallard;;1;1;;;;0;;
239410;OIE;6.0337333;116.2518361;Asia;Malaysia;Sabah;Kampung Raganan;Exact;2018-08-03;2018-09-02;Confirmed;Influenza - Avian;H5N1 HPAI;domestic, unspecified bird;200;1;;200;;;0;;
239409;OIE;6.1502514;116.1673694;Asia;Malaysia;Sabah;Kampung Ladang Tenghilan;Exact;2018-08-03;2018-09-02;Confirmed;Influenza - Avian;H5N1 HPAI;domestic, unspecified bird;320;1;;320;;;0;;
239408;OIE;6.2347256;116.229785;Asia;Malaysia;Sabah;Desa Sri Taman Jaya;Exact;2018-08-03;2018-09-02;Confirmed;Influenza - Avian;H5N1 HPAI;domestic, chicken;250;3;;250;;;;;
239383;OIE;11.97;105.67;Asia;Cambodia;Kampong Cham;Trorpang Sangker;Exact;2018-08-20;2018-08-31;Confirmed;Influenza - Avian;H5N1 HPAI;domestic, unspecified bird;378;318;318;60;;;;;
239196;OIE;6.06639;116.2287;Asia;Malaysia;Sabah;Kampung Kebayau;Exact;2018-08-03;2018-08-25;Confirmed;Influenza - Avian;H5N1 HPAI;domestic, chicken;1100;1;0;1100;0;;0;;
239195;OIE;6.161317;116.31795;Asia;Malaysia;Sabah;Kampung Laputung;Exact;2018-08-03;2018-08-25;Confirmed;Influenza - Avian;H5N1 HPAI;domestic, chicken;239;8;8;231;;;;;
239120;OIE;22.803019;120.565788;Asia;Taiwan (Province of China);Taiwan Sheng;Gaoshu Township;Exact;2018-08-13;2018-08-21;Confirmed;Influenza - Avian;H5N2 HPAI;domestic, chicken;20684;1303;1303;19381;;;;;
239036;OIE;6.141166;116.252444;Asia;Malaysia;Sabah;Kampung Telibong;Exact;2018-08-03;2018-08-18;Confirmed;Influenza - Avian;H5N1 HPAI;domestic, chicken;306;20;20;286;;;;;
239019;OIE;43.63183;27.63009;Europe;Bulgaria;Dobrich;Miladinovtsi;Exact;2018-07-06;2018-08-17;Confirmed;Influenza - Avian;H5N8 HPAI;domestic, unspecified bird;62;10;10;52;;;;;
239018;OIE;55.325278;11.151111;Europe;Denmark;Vestsjaelland;Korsør;Exact;2018-08-09;2018-08-17;Confirmed;Influenza - Avian;H5N6 HPAI;wild,mute swan (cygnus olor));;1;1;;;;;;
239017;OIE;58.951231;46.514801;Europe;Russian Federation;Kostromskaya Oblast;Harino;Exact;2018-08-09;2018-08-16;Confirmed;Influenza - Avian;H5N2 HPAI;domestic, unspecified bird;498485;506;506;1223;;;;;
238859;OIE;55.951416;43.050646;Europe;Russian Federation;Nizhegorodskaya Oblast;Pavlovo;Exact;2018-08-05;2018-08-08;Confirmed;Influenza - Avian;H5 HPAI;domestic, unspecified bird;90;11;2;88;;;;;
238858;OIE;57.657697;53.809319;Europe;Russian Federation;Udmurtiya Rep.;Debesy;Exact;2018-07-31;2018-08-08;Confirmed;Influenza - Avian;H5 HPAI;domestic, unspecified bird;18;10;3;15;;;;;
238857;OIE;56.661316;47.834508;Europe;Russian Federation;Mariy-el Rep.;Noviy;Exact;2018-07-30;2018-08-08;Confirmed;Influenza - Avian;H5 HPAI;domestic, unspecified bird;127;10;10;46;;;;;
238856;OIE;57.611017;53.396892;Europe;Russian Federation;Udmurtiya Rep.;Zura;Exact;2018-07-27;2018-08-08;Confirmed;Influenza - Avian;H5 HPAI;domestic, unspecified bird;50;23;23;27;;;;;
238855;OIE;57.711042;53.68746;Europe;Russian Federation;Udmurtiya Rep.;Toljen;Exact;2018-07-27;2018-08-08;Confirmed;Influenza - Avian;H5 HPAI;domestic, unspecified bird;48;16;16;32;;;;;
238854;OIE;57.503747;53.455912;Europe;Russian Federation;Udmurtiya Rep.;Sepozh;Exact;2018-07-27;2018-08-08;Confirmed;Influenza - Avian;H5 HPAI;domestic, unspecified bird;91;3;3;18;;;;;
238853;OIE;55.774275;48.028527;Europe;Russian Federation;Chuvashiya Rep.;Sirekli;Exact;2018-07-25;2018-08-08;Confirmed;Influenza - Avian;H5 HPAI;domestic, unspecified bird;87;5;5;82;;;;;
238852;OIE;52.603774;36.866334;Europe;Russian Federation;Orlovskaya Oblast;Pokrovskoe;Exact;2018-07-25;2018-08-08;Confirmed;Influenza - Avian;H5 HPAI;domestic, unspecified bird;87;6;6;81;;;;;
238851;OIE;23.53181;120.20823;Asia;Taiwan (Province of China);Taiwan Sheng;Shuilin Township;Exact;2018-07-27;2018-08-07;Confirmed;Influenza - Avian;H5N2 HPAI;domestic, chicken;36455;3811;3811;32644;;;;;
238850;OIE;23.723561;120.235728;Asia;Taiwan (Province of China);Taiwan Sheng;Taixi Township;Exact;2018-07-18;2018-08-07;Confirmed;Influenza - Avian;H5N2 HPAI;domestic, duck;3411;;;3411;;;;;
238793;OIE;6.105563;116.229785;Asia;Malaysia;Sabah;Kampung Kauluan;Exact;2018-07-27;2018-08-06;Confirmed;Influenza - Avian;H5N1 HPAI;domestic, chicken;28000;3000;3000;25000;;;;;
238792;OIE;20.9063;106.5885;Asia;Viet Nam;Hai Phong City;An Hung;Exact;2018-07-30;2018-08-03;Confirmed;Influenza - Avian;H5N6 HPAI;domestic, unspecified bird;5500;2000;1000;4500;;;0;;
238791;OIE;20.9105;106.609;Asia;Viet Nam;Hai Phong City;An Hong;Exact;2018-07-28;2018-08-03;Confirmed;Influenza - Avian;H5N6 HPAI;domestic, unspecified bird;4720;1000;500;4220;;;0;;
238790;OIE;19.0306;105.5515;Asia;Viet Nam;Nghe An;Dien Lien;Exact;2018-07-28;2018-08-03;Confirmed;Influenza - Avian;H5N6 HPAI;domestic, unspecified bird;2400;90;90;2310;;;;;
238515;OIE;55.018928;48.323572;Europe;Russian Federation;Tatarstan Rep.;Nizhniy Naratbash;Exact;2018-07-20;2018-07-25;Confirmed;Influenza - Avian;H5 HPAI;domestic, unspecified bird;26;4;4;22;;;0;;
238514;OIE;55.419767;48.494996;Europe;Russian Federation;Tatarstan Rep.;Verhnee Atkozino;Exact;2018-07-20;2018-07-25;Confirmed;Influenza - Avian;H5 HPAI;domestic, unspecified bird;46;14;14;32;;;0;;
238513;OIE;55.240929;48.762553;Europe;Russian Federation;Tatarstan Rep.;Burnashevo ;Exact;2018-07-20;2018-07-25;Confirmed;Influenza - Avian;H5 HPAI;domestic, unspecified bird;20;4;3;17;;;0;;
238512;OIE;54.874391;47.804693;Europe;Russian Federation;Chuvashiya Rep.;Volnyy Stan ;Exact;2018-07-19;2018-07-25;Confirmed;Influenza - Avian;H5 HPAI;domestic, unspecified bird;73;9;9;64;;;0;;
238511;OIE;55.199476;48.505955;Europe;Russian Federation;Tatarstan Rep.;Apastovo;Exact;2018-07-19;2018-07-25;Confirmed;Influenza - Avian;H5 HPAI;domestic, unspecified bird;113;113;100;13;;;0;;
238510;OIE;55.150858;49.05717;Europe;Russian Federation;Tatarstan Rep.;Ishimovo ;Exact;2018-07-19;2018-07-25;Confirmed;Influenza - Avian;H5 HPAI;domestic, unspecified bird;71;29;29;42;;;0;;
238509;OIE;55.151115;48.172877;Europe;Russian Federation;Tatarstan Rep.;Kamennyy Brod ;Exact;2018-07-19;2018-07-25;Confirmed;Influenza - Avian;H5 HPAI;domestic, unspecified bird;44;4;4;40;;;0;;
238508;OIE;55.412023;48.536922;Europe;Russian Federation;Tatarstan Rep.;Azbaba ;Exact;2018-07-19;2018-07-25;Confirmed;Influenza - Avian;H5 HPAI;domestic, unspecified bird;80;16;9;71;;;0;;
238507;OIE;55.487856;48.19578;Europe;Russian Federation;Tatarstan Rep.;Araslanovo ;Exact;2018-07-18;2018-07-25;Confirmed;Influenza - Avian;H5 HPAI;domestic, unspecified bird;39;20;20;19;;;0;;
238506;OIE;52.044867;43.947311;Europe;Russian Federation;Saratovskaya Oblast;Kamenka ;Exact;2018-07-18;2018-07-25;Confirmed;Influenza - Avian;H5 HPAI;domestic, unspecified bird;209;15;15;194;;;0;;
238505;OIE;55.32476;48.636155;Europe;Russian Federation;Tatarstan Rep.;Malye Kokuzy ;Exact;2018-07-14;2018-07-25;Confirmed;Influenza - Avian;H5 HPAI;domestic, unspecified bird;60;22;16;44;;;0;;
238504;OIE;55.24383;48.414792;Europe;Russian Federation;Tatarstan Rep.;Karatun ;Exact;2018-07-13;2018-07-25;Confirmed;Influenza - Avian;H5 HPAI;domestic, unspecified bird;16;2;2;14;;;0;;
238503;OIE;55.196963;49.261219;Europe;Russian Federation;Tatarstan Rep.;Kamskoe Ust''e ;Exact;2018-07-12;2018-07-25;Confirmed;Influenza - Avian;H5 HPAI;domestic, unspecified bird;193;19;19;174;;;0;;
238468;National authorities;23.402081;45.23404;Asia;Saudi Arabia;Riyad;Alazizia live bird market;Centroid Admin1;2018-07-17;2018-07-17;Confirmed;Influenza - Avian;H5N8 HPAI;domestic, duck;14675;1;0;14675;;;0;;
238443;OIE;-34.2;19.6;Africa;South Africa;Western Cape;HPAI_H5N8_2017_192;Exact;2018-07-13;2018-07-18;Confirmed;Influenza - Avian;H5N8 HPAI;wild,blue crane (grus paradisea));;1;1;0;0;;0;;
238425;OIE;55.447509;45.693121;Europe;Russian Federation;Nizhegorodskaya Oblast;Ovechiy Ovrag;Exact;2018-07-15;2018-07-18;Confirmed;Influenza - Avian;H5N8 HPAI;domestic, unspecified bird;47;1;1;;;;0;;
238424;OIE;54.734933;48.342412;Europe;Russian Federation;Tatarstan Rep.;Vozhzhi;Exact;2018-07-15;2018-07-18;Confirmed;Influenza - Avian;H5N8 HPAI;domestic, unspecified bird;59;18;18;41;;;0;;
238423;OIE;55.412356;48.065658;Europe;Russian Federation;Tatarstan Rep.;Ulyankovo ;Exact;2018-07-11;2018-07-18;Confirmed;Influenza - Avian;H5N8 HPAI;domestic, unspecified bird;35;20;20;15;;;0;;
238422;OIE;47.741688;40.028751;Europe;Russian Federation;Rostovskaya Oblast;OOO Evrodon №5;Exact;2018-07-10;2018-07-18;Confirmed;Influenza - Avian;H5N8 HPAI;domestic, unspecified bird;221799;13731;8235;;;;0;;
238421;OIE;55.072514;47.617992;Europe;Russian Federation;Chuvashiya Rep.;Batyrevo ;Exact;2018-07-09;2018-07-18;Confirmed;Influenza - Avian;H5N8 HPAI;domestic, unspecified bird;60;16;16;44;;;0;;
238420;OIE;55.180669;47.488452;Europe;Russian Federation;Chuvashiya Rep.;Polevye Yaushi ;Exact;2018-07-09;2018-07-18;Confirmed;Influenza - Avian;H5N8 HPAI;domestic, unspecified bird;64;50;50;14;;;0;;
238419;OIE;55.164122;47.999979;Europe;Russian Federation;Chuvashiya Rep.;Yalchiki;Exact;2018-07-06;2018-07-18;Confirmed;Influenza - Avian;H5N8 HPAI;domestic, unspecified bird;30;25;25;5;;;0;;
238418;OIE;55.859407;47.461015;Europe;Russian Federation;Chuvashiya Rep.;Tsivilsk ;Exact;2018-07-06;2018-07-18;Confirmed;Influenza - Avian;H5N8 HPAI;domestic, unspecified bird;53;14;14;;;;0;;
238417;OIE;55.839145;47.408937;Europe;Russian Federation;Chuvashiya Rep.;Molodezhny ;Exact;2018-07-06;2018-07-18;Confirmed;Influenza - Avian;H5N8 HPAI;domestic, unspecified bird;30;9;9;21;;;0;;
238416;OIE;55.701058;46.148719;Europe;Russian Federation;Chuvashiya Rep.;Cherepanovo ;Exact;2018-07-06;2018-07-18;Confirmed;Influenza - Avian;H5N8 HPAI;domestic, unspecified bird;32;12;12;8;;;0;;
238415;OIE;55.302539;47.023101;Europe;Russian Federation;Chuvashiya Rep.;Ibresi ;Exact;2018-07-06;2018-07-18;Confirmed;Influenza - Avian;H5N8 HPAI;domestic, unspecified bird;31;19;19;12;;;0;;
238414;OIE;54.81192;47.399144;Europe;Russian Federation;Tatarstan Rep.;SHlanga;Exact;2018-07-05;2018-07-18;Confirmed;Influenza - Avian;H5N8 HPAI;domestic, unspecified bird;71;30;30;41;;;0;;
238413;OIE;47.758359;39.99459;Europe;Russian Federation;Rostovskaya Oblast;Novopavlovka ;Exact;2018-07-03;2018-07-18;Confirmed;Influenza - Avian;H5N8 HPAI;domestic, unspecified bird;78194;424;424;64743;;;0;;
238406;National authorities;54.9;11.3458;Europe;Denmark;Storstroem;Vejrø ;Unknown;2018-07-08;2018-07-18;Confirmed;Influenza - Avian;H5N6 HPAI;wild,common eider (somateria mollissima));;1;1;;;;0;;
238210;OIE;23.7243;120.2682;Asia;Taiwan (Province of China);Taiwan Sheng;Dongshi Township;Exact;2018-07-02;2018-07-12;Confirmed;Influenza - Avian;H5N2 HPAI;domestic, turkey;771;161;161;610;;;0;;
238207;OIE;55.405045;45.626327;Europe;Russian Federation;Nizhegorodskaya Oblast; Urazovka ;Exact;2018-07-09;2018-07-11;Confirmed;Influenza - Avian;H5 HPAI;domestic, unspecified bird;27;8;8;;;;0;;
238206;OIE;52.827714;37.248547;Europe;Russian Federation;Orlovskaya Oblast; Degtyaren ;Exact;2018-07-06;2018-07-11;Confirmed;Influenza - Avian;H5 HPAI;domestic, unspecified bird;15;3;3;12;;;0;;
238205;OIE;53.314701;36.646785;Europe;Russian Federation;Orlovskaya Oblast;Lekhanovka ;Exact;2018-07-06;2018-07-11;Confirmed;Influenza - Avian;H5 HPAI;domestic, unspecified bird;64;4;4;60;;;0;;
238204;OIE;51.749987;35.97812;Europe;Russian Federation;Kurskaya Oblast;Polyanskoe  ;Exact;2018-07-04;2018-07-11;Confirmed;Influenza - Avian;H5 HPAI;domestic, unspecified bird;43;2;2;;;;0;;
238203;OIE;48.165195;40.820831;Europe;Russian Federation;Rostovskaya Oblast;"AO ""Ptitsefabrika Belokalitvinskaya"",  ";Exact;2018-07-04;2018-07-11;Confirmed;Influenza - Avian;H5 HPAI;domestic, unspecified bird;616000;6054;6054;;;;0;;
28066;OIE;37.62;-120.969;Americas;United States of America;California;Stanislaus County;Exact;2018-09-08;2018-09-25;Confirmed;Influenza - Avian;H7N3 LPAI;domestic, turkey;35162;;;;;;;;
28949;OIE;19.56816;85.241236;Asia;India;Orissa;Alanda and Siala;Exact;2018-12-07;2018-12-15;Confirmed;Influenza - Avian;H5N1 HPAI;domestic, unspecified bird;6123;5603;5603;520;520;;;;
