id;id_path;source_1;source_2;id_from_source_1;date_edge
1;1;PADI-web;Gulf Business News;0732a35fad;2018-08-09
2;1;Gulf Business News;OIE;0732a35fad;2018-08-09
3;1;OIE;Malaysia Vet Auth;0732a35fad;2018-08-06
4;2;PADI-web;Reuters;62c651df87;2018-08-03
5;2;Reuters;OIE;62c651df87;2018-08-03
6;2;OIE;Vietnam Vet Auth;62c651df87;2018-08-03
7;3;PADI-web;Reuters;5OEBL52G86;2018-08-03
8;3;Reuters;OIE;5OEBL52G86;2018-08-03
9;3;OIE;Vietnam Vet Auth;5OEBL52G86;2018-08-03
10;4;PADI-web;The Star Online;2ff429a274;2018-08-04
11;4;The Star Online;Sabbah Vet Auth;2ff429a274;2018-08-04
12;5;PADI-web;Devdiscourse;c61fbdba19;2018-08-04
13;5;Devdiscourse;OIE;c61fbdba19;2018-08-04
14;5;OIE;Vietnam Vet Auth;c61fbdba19;2018-08-03
15;6;PADI-web;Devdiscourse;c61fbdba19;2018-08-04
16;6;Devdiscourse;OIE;c61fbdba19;2018-08-04
17;6;OIE;Vietnam Vet Auth;c61fbdba19;2018-08-03
18;7;PADI-web;Devdiscourse;c61fbdba19;2018-08-04
19;7;Devdiscourse;OIE;c61fbdba19;2018-08-04
20;7;OIE;Vietnam Vet Auth;c61fbdba19;2018-08-03
21;8;PADI-web;Deccan Chronicle;a4d1d4592c;2018-08-05
22;8;Deccan Chronicle;OIE;a4d1d4592c;2018-08-05
23;8;OIE;Vietnam Vet Auth;a4d1d4592c;2018-08-03
24;9;PADI-web;The Borneo Post;db0e1d1f0a;2018-08-06
25;9;The Borneo Post;Malaysia Vet Auth;db0e1d1f0a;2018-08-03
26;10;PADI-web;Devdiscourse;6ef1cd0ce0;2018-08-06
27;10;Devdiscourse;OIE;6ef1cd0ce0;2018-08-06
28;10;OIE;Malaysia Vet Auth;6ef1cd0ce0;2018-08-06
29;11;PADI-web;The Malaysian Insight;b92766face;2018-08-06
30;11;The Malaysian Insight;Sabbah Vet Auth;b92766face;2018-08-06
31;12;PADI-web;The Borneo Post;b019dcb030;2018-08-07
32;12;The Borneo Post;Sabbah Vet Auth;b019dcb030;2018-08-07
33;13;PADI-web;MalayMail;84a529e3e0;2018-08-07
34;13;MalayMail;Sabbah Vet Auth;84a529e3e0;2018-08-07
35;14;PADI-web;Reuters;4R233CGFXA;2018-08-07
36;14;Reuters;OIE;4R233CGFXA;2018-08-07
37;14;OIE;Malaysia Vet Auth;4R233CGFXA;2018-08-06
38;15;PADI-web;The Star Online;NE2RP7X9IN;2018-08-07
39;15;The Star Online;Sabbah Vet Auth;NE2RP7X9IN;2018-08-07
40;16;PADI-web;Devdiscourse;ec419c3189;2018-08-07
41;16;Devdiscourse;Reuters;ec419c3189;2018-08-07
42;16;Reuters;OIE;ec419c3189;2018-08-07
43;16;OIE;Malaysia Vet Auth;ec419c3189;2018-08-06
44;17;PADI-web;The Strait Times;531daa5d7d;2018-08-07
45;17;The Strait Times;Reuters;531daa5d7d;2018-08-07
46;17;Reuters;OIE;531daa5d7d;2018-08-07
47;17;OIE;Malaysia Vet Auth;531daa5d7d;2018-08-06
48;18;PADI-web;Inquirer.net;e6fafc4885;2018-08-08
49;18;Inquirer.net;Sabbah Vet Auth;e6fafc4885;2018-08-08
50;18;Inquirer.net;OIE;e6fafc4885;2018-08-08
51;18;OIE;Malaysia Vet Auth;e6fafc4885;2018-08-06
52;19;PADI-web;The Malaysian Insight;7eda40ca2e;2018-08-08
53;19;The Malaysian Insight;unnamed;7eda40ca2e;2018-08-08
54;20;PADI-web;The Borneo Post;8796272367;2018-08-09
55;20;The Borneo Post;Sabbah Vet Auth;8796272367;2018-08-09
56;21;PADI-web;The Borneo Post;7943f8295e;2018-08-09
57;21;The Borneo Post;Sabbah Vet Auth;7943f8295e;2018-08-09
58;22;PADI-web;The Star Online;WKH0YSCLZX;2018-08-13
59;22;The Star Online;Sabbah Vet Auth;WKH0YSCLZX;2018-08-13
60;23;PADI-web;The Sun Daily;2116348b50;2018-08-14
61;23;The Sun Daily;Sabbah Vet Auth;2116348b50;2018-08-14
62;24;PADI-web;Free Malaysia Today;d5debe2b9b;2018-08-15
63;24;Free Malaysia Today;Sabbah Vet Auth;d5debe2b9b;2018-08-15
64;25;PADI-web;The Edge Markets MY;b168952ee5;2018-08-15
65;25;The Edge Markets MY;Malaysia Vet Auth;b168952ee5;2018-08-15
66;26;PADI-web;Reuters;D8P2LZHAZO;2018-08-17
67;26;Reuters;OIE;D8P2LZHAZO;2018-08-17
68;26;OIE;Russia Vet Auth;D8P2LZHAZO;2018-08-09
69;27;PADI-web;Agriland;16f87ac497;2018-08-20
70;27;Agriland;Russia Vet Auth;16f87ac497;2018-08-20
71;28;PADI-web;FarmingUK;603f799d4b;2018-08-20
72;28;FarmingUK;Russia Vet Auth;603f799d4b;2018-08-20
73;29;PADI-web;Phys.org;081d2ee7cf;2018-08-23
74;29;Phys.org;USA National Oceanic and Atmospheric Administration;081d2ee7cf;2018-08-23
75;30;PADI-web;The Boston Globe;52c9aefbc2;2018-08-23
76;30;The Boston Globe;USA National Oceanic and Atmospheric Administration;52c9aefbc2;2018-08-23
77;31;PADI-web;Times Record;95595513ff;2018-08-24
78;31;Times Record;USA National Oceanic and Atmospheric Administration;95595513ff;2018-08-24
79;32;PADI-web;Sentinel and Enterprise;a9e2643403;2018-08-24
80;32;Sentinel and Enterprise;Associated Press;a9e2643403;2018-08-24
81;32;Associated Press;USA National Oceanic and Atmospheric Administration;a9e2643403;2018-08-24
82;33;PADI-web;The Poultry Site;9APQWEMCYB;2018-08-29
83;33;The Poultry Site;Russia Vet Auth;9APQWEMCYB;2018-08-29
84;34;PADI-web;Khmer Times;a714367059;2018-08-29
85;34;Khmer Times;Cambodia province Auth;a714367059;2018-08-29
86;35;PADI-web;Charlotte Observer;dd080b8d97;2018-09-02
87;35;Charlotte Observer;USA National Oceanic and Atmospheric Administration;dd080b8d97;2018-09-02
88;36;PADI-web;Durham Herald Sun;91c904483a;2018-09-02
89;36;Durham Herald Sun;USA National Oceanic and Atmospheric Administration;91c904483a;2018-09-02
90;37;PADI-web;Gulf Business News;262a288045;2018-09-03
91;37;Gulf Business News;OIE;262a288045;2018-09-03
92;37;OIE;Malaysia Vet Auth;262a288045;2018-09-03
93;38;PADI-web;Reuters;5EPTSUTHT6;2018-09-14
94;38;Reuters;OIE;5EPTSUTHT6;2018-09-14
95;38;OIE;US Vet Auth;5EPTSUTHT6;2018-09-12
96;39;PADI-web;Feedstuffs;Y4CQ4VDMTZ;2018-09-20
97;39;Feedstuffs;US Vet Auth;Y4CQ4VDMTZ;2018-09-20
98;40;PADI-web;Reuters;7ODRR1H56O;2018-09-21
99;40;Reuters;Bulgaria Vet Auth;7ODRR1H56O;2018-09-21
100;41;PADI-web;Portland Press Herald;D6KOIN0VOT;2018-09-21
101;41;Portland Press Herald;USA National Oceanic and Atmospheric Administration;D6KOIN0VOT;2018-09-21
102;42;PADI-web;NECN;62cf5dc034;2018-09-21
103;42;NECN;USA National Oceanic and Atmospheric Administration;62cf5dc034;2018-09-21
104;43;PADI-web;Novinite.com (Sofia News Agency);d7628df7a0;2018-09-21
105;43;Novinite.com (Sofia News Agency);Focus radio BG;d7628df7a0;2018-09-21
106;43;Focus radio BG;Bulgarian local authoriy;d7628df7a0;2018-09-21
107;44;PADI-web;WSAU;499e34c15d;2018-09-21
108;44;WSAU;Reuters;499e34c15d;2018-09-21
109;44;Reuters;Bulgaria Vet Auth;499e34c15d;2018-09-21
110;45;PADI-web;Feedstuffs;P7NDGOAG6N;2018-09-28
111;45;Feedstuffs;California Department of Food & Agriculture;P7NDGOAG6N;2018-09-28
112;46;PADI-web;Feedstuffs;P7NDGOAG6N;2018-09-28
113;46;Feedstuffs;California Department of Food & Agriculture;P7NDGOAG6N;2018-09-28
114;47;PADI-web;Feedstuffs;P7NDGOAG6N;2018-09-28
115;47;Feedstuffs;California Department of Food & Agriculture;P7NDGOAG6N;2018-09-28
116;48;PADI-web;Feedstuffs;P7NDGOAG6N;2018-09-28
117;48;Feedstuffs;California Department of Food & Agriculture;P7NDGOAG6N;2018-09-28
118;49;PADI-web;Medibulletin;d9be807d3b;2018-09-28
119;49;Medibulletin;Cell Host & Microbe;d9be807d3b;2018-09-28
120;49;Cell Host & Microbe;Publication authors;d9be807d3b;2018-09-27
121;50;PADI-web;Reuters;OMOKU2TVIH;2018-09-29
122;50;Reuters;China Vet Auth;OMOKU2TVIH;2018-09-29
123;51;PADI-web;Devdiscourse;08d1b73c62;2018-09-30
124;51;Devdiscourse;China Vet Auth;08d1b73c62;2018-09-29
125;52;PADI-web;Martha\'s Vineyard News;c74a13f8d5;2018-10-02
126;52;Martha\'s Vineyard News;USA National Oceanic and Atmospheric Administration;c74a13f8d5;2018-10-02
127;53;PADI-web;Reuters;1WF7A86MFI;2018-10-05
128;53;Reuters;Bulgaria Vet Auth;1WF7A86MFI;2018-10-05
129;54;PADI-web;Channel NewsAsia;846c7d9495;2018-10-05
130;54;Channel NewsAsia;Bulgaria Vet Auth;846c7d9495;2018-10-05
131;55;PADI-web;Devdiscourse;c52d607341;2018-10-05
132;55;Devdiscourse;Bulgaria Vet Auth;c52d607341;2018-10-05
133;56;PADI-web;Reuters;AH6ECLFQB3;2018-10-09
134;56;Reuters;China Vet Auth;AH6ECLFQB3;2018-10-09
135;57;PADI-web;Physician's Weekly;47cfa74f1a;2018-10-09
136;57;Physician's Weekly;Reuters;47cfa74f1a;2018-10-09
137;57;Reuters;China Vet Auth;47cfa74f1a;2018-10-09
138;58;PADI-web;Channel NewsAsia;99c2f9b0be;2018-10-09
139;58;Channel NewsAsia;China Vet Auth;99c2f9b0be;2018-10-09
140;59;PADI-web;Shine News;1677b14c6f;2018-10-09
141;59;Shine News;China Vet Auth;1677b14c6f;2018-10-09
142;60;PADI-web;CIDRAP;62PBGQO13D;2018-10-10
143;60;CIDRAP;OIE;62PBGQO13D;2018-10-10
144;60;OIE;Bulgaria Vet Auth;62PBGQO13D;2018-10-08
145;61;PADI-web;CIDRAP;62PBGQO13D;2018-10-10
146;61;CIDRAP;OIE;62PBGQO13D;2018-10-10
147;61;OIE;Taiwan Vet Auth;62PBGQO13D;2018-10-08
148;62;PADI-web;CIDRAP;62PBGQO13D;2018-10-10
149;62;CIDRAP;Avian Flu Diary;62PBGQO13D;2018-10-10
150;62;Avian Flu Diary;OIE;62PBGQO13D;2018-10-10
151;62;OIE;China Vet Auth;62PBGQO13D;2018-10-10
152;63;PADI-web;ArabianBusiness;fb97121729;2018-10-10
153;63;ArabianBusiness;OIE;fb97121729;2018-10-10
154;63;OIE;Bulgaria Vet Auth;fb97121729;2018-10-08
155;64;PADI-web;Yonhap News;295b6d4f0f;2018-10-18
156;64;Yonhap News;South Korea Vet Auth;295b6d4f0f;2018-10-18
157;65;PADI-web;Yonhap News;295b6d4f0f;2018-10-18
158;65;Yonhap News;South Korea Vet Auth;295b6d4f0f;2018-10-18
159;66;PADI-web;Yonhap News;295b6d4f0f;2018-10-18
160;66;Yonhap News;South Korea Vet Auth;295b6d4f0f;2018-10-18
161;67;PADI-web;Korea Herald;bafcbb05d8;2018-10-18
162;67;Korea Herald;Yonhap News;bafcbb05d8;2018-10-18
163;67;Yonhap News;South Korea Vet Auth;bafcbb05d8;2018-10-18
164;68;PADI-web;Korea Herald;bafcbb05d8;2018-10-18
165;68;Korea Herald;Yonhap News;bafcbb05d8;2018-10-18
166;68;Yonhap News;South Korea Vet Auth;bafcbb05d8;2018-10-18
167;69;PADI-web;Korea Herald;bafcbb05d8;2018-10-18
168;69;Korea Herald;Yonhap News;bafcbb05d8;2018-10-18
169;69;Yonhap News;South Korea Vet Auth;bafcbb05d8;2018-10-18
170;70;PADI-web;Channel NewsAsia;26069ae6fc;2018-10-18
171;70;Channel NewsAsia;Reuters;26069ae6fc;2018-10-18
172;70;Reuters;Bulgaria Vet Auth;26069ae6fc;2018-10-18
173;72;PADI-web;Reuters;K52EWSUNVE;2018-10-18
174;72;Reuters;Bulgaria Vet Auth;K52EWSUNVE;2018-10-18
175;74;PADI-web;Agriculture.com;26c47140ef;2018-10-18
176;74;Agriculture.com;Reuters;26c47140ef;2018-10-18
177;74;Reuters;Bulgaria Vet Auth;26c47140ef;2018-10-18
178;75;PADI-web;Agriculture.com;26c47140ef;2018-10-18
179;75;Agriculture.com;Reuters;26c47140ef;2018-10-18
180;75;Reuters;Bulgaria Vet Auth;26c47140ef;2018-10-18
181;76;PADI-web;WSAU;e77c92723c;2018-10-18
182;76;WSAU;Reuters;e77c92723c;2018-10-18
183;76;Reuters;Bulgaria Vet Auth;e77c92723c;2018-10-18
184;78;PADI-web;WSAU;e77c92723c;2018-10-18
185;78;WSAU;Reuters;e77c92723c;2018-10-18
186;78;Reuters;unnamed;e77c92723c;2018-10-18
187;79;PADI-web;Independant.ie;SUAJQ6EMQH;2018-10-19
188;79;Independant.ie;Reuters;SUAJQ6EMQH;2018-10-19
189;79;Reuters;Bulgaria Vet Auth;SUAJQ6EMQH;2018-10-19
190;80;PADI-web;Independant.ie;SUAJQ6EMQH;2018-10-19
191;80;Independant.ie;Reuters;SUAJQ6EMQH;2018-10-19
192;80;Reuters;Bulgaria Vet Auth;SUAJQ6EMQH;2018-10-19
193;81;PADI-web;Independant.ie;SUAJQ6EMQH;2018-10-19
194;81;Independant.ie;Reuters;SUAJQ6EMQH;2018-10-19
195;81;Reuters;unnamed;SUAJQ6EMQH;2018-10-19
196;82;PADI-web;Independant.ie;SUAJQ6EMQH;2018-10-19
197;82;Independant.ie;Reuters;SUAJQ6EMQH;2018-10-19
198;82;Reuters;China Vet Auth;SUAJQ6EMQH;2018-10-19
199;83;PADI-web;Xinhua;c7e8780eef;2018-10-19
200;83;Xinhua;Bulgaria Vet Auth;c7e8780eef;2018-10-19
201;84;PADI-web;Xinhua;c7e8780eef;2018-10-19
202;84;Xinhua;Bulgaria Vet Auth;c7e8780eef;2018-10-19
203;85;PADI-web;Focus News;5f178ac938;2018-10-22
204;85;Focus News;Bulgarian National Television;5f178ac938;2018-10-22
205;85;Bulgarian National Television;Bulgaria Vet Auth;5f178ac938;2018-10-22
206;86;PADI-web;Focus News;5f178ac938;2018-10-22
207;86;Focus News;Bulgarian National Television;5f178ac938;2018-10-22
208;86;Bulgarian National Television;Bulgaria Vet Auth;5f178ac938;2018-10-22
209;87;PADI-web;Novinite.com (Sofia News Agency);c6281caec7;2018-10-23
210;87;Novinite.com (Sofia News Agency);Bulgarian National Television;c6281caec7;2018-10-23
211;87;Bulgarian National Television;Bulgaria Vet Auth;c6281caec7;2018-10-23
212;88;PADI-web;Novinite.com (Sofia News Agency);c6281caec7;2018-10-23
213;88;Novinite.com (Sofia News Agency);Bulgarian National Television;c6281caec7;2018-10-23
214;88;Bulgarian National Television;Bulgaria Vet Auth;c6281caec7;2018-10-23
215;89;PADI-web;CIDRAP;MLYH4ON94G;2018-10-23
216;89;CIDRAP;OIE;MLYH4ON94G;2018-10-23
217;89;OIE;US Vet Auth;MLYH4ON94G;2018-10-22
218;90;PADI-web;CIDRAP;MLYH4ON94G;2018-10-23
219;90;CIDRAP;OIE;MLYH4ON94G;2018-10-23
220;90;OIE;Laos Vet Auth;MLYH4ON94G;2018-10-22
221;91;PADI-web;CBS Minnesota;9VT32D543B;2018-10-23
222;91;CBS Minnesota;OIE;9VT32D543B;2018-10-23
223;91;OIE;US Vet Auth;9VT32D543B;2018-10-22
224;92;PADI-web;The Globe;8HELH2HI1M;2018-10-23
225;92;The Globe;Minnesota Vet Authorities;8HELH2HI1M;2018-10-23
226;93;PADI-web;Star Tribune;CB03TJJ5LG;2018-10-23
227;93;Star Tribune;Associated Press;CB03TJJ5LG;2018-10-23
228;93;Associated Press;OIE;CB03TJJ5LG;2018-10-23
229;93;OIE;US Vet Auth;CB03TJJ5LG;2018-10-22
230;94;PADI-web;DesMoinesRegister.com;5MEERP3RQV;2018-10-23
231;94;DesMoinesRegister.com;Associated Press;5MEERP3RQV;2018-10-23
232;94;Associated Press;OIE;5MEERP3RQV;2018-10-23
233;94;OIE;US Vet Auth;5MEERP3RQV;2018-10-22
234;95;PADI-web;Duluth News Tribune;a4c5bd9544;2018-10-23
235;95;Duluth News Tribune;Minnesota Vet Authorities;a4c5bd9544;2018-10-23
236;96;PADI-web;Grand Forks Herald;bf443ddef8;2018-10-23
237;96;Grand Forks Herald;Minnesota Vet Authorities;bf443ddef8;2018-10-23
238;97;PADI-web;West Central Tribune;9f5c0b7f3a;2018-10-23
239;97;West Central Tribune;Minnesota Vet Authorities;9f5c0b7f3a;2018-10-23
240;98;PADI-web;Pioneer Press;aebdc6756c;2018-10-23
241;98;Pioneer Press;Associated Press;aebdc6756c;2018-10-23
242;98;Associated Press;OIE;aebdc6756c;2018-10-23
243;98;OIE;US Vet Auth;aebdc6756c;2018-10-22
244;99;PADI-web;Austin Herald;b9dad6dcdb;2018-10-24
245;99;Austin Herald;Associated Press;b9dad6dcdb;2018-10-24
246;99;Associated Press;OIE;b9dad6dcdb;2018-10-24
247;99;OIE;US Vet Auth;b9dad6dcdb;2018-10-22
248;100;PADI-web;Feedstuffs;VC5I453QTP;2018-10-24
249;100;Feedstuffs;Minnesota Vet Authorities;VC5I453QTP;2018-10-24
250;101;PADI-web;Farms.com;fb536f7c4b;2018-10-25
251;101;Farms.com;Minnesota Vet Authorities;fb536f7c4b;2018-10-25
252;102;PADI-web;Outbreak News Today;PYQBJRNFFU;2018-10-27
253;102;Outbreak News Today;Minnesota Vet Authorities;PYQBJRNFFU;2018-10-27
254;103;PADI-web;AG Week;096ab8e056;2018-10-24
255;103;AG Week;Minnesota Vet Authorities;096ab8e056;2018-10-23
256;104;PADI-web;Star Tribune;e0f288023f;2018-10-22
257;104;Star Tribune;Russia Vet Auth;e0f288023f;2018-10-22
258;105;PADI-web;Star Tribune;57b6993d29;2018-10-22
259;105;Star Tribune;Russia Vet Auth;57b6993d29;2018-10-22
260;106;PADI-web;Reuters;1374823c87;2018-10-24
261;106;Reuters;China Vet Auth;1374823c87;2018-10-24
262;107;PADI-web;Reuters;OVEP5SDO00;2018-10-29
263;107;Reuters;Bulgaria Vet Auth;OVEP5SDO00;2018-10-29
264;108;PADI-web;Reuters;OVEP5SDO00;2018-10-29
265;108;Reuters;Bulgaria Vet Auth;OVEP5SDO00;2018-10-29
266;109;PADI-web;CIDRAP;8abbc2169f;2018-11-06
267;109;CIDRAP;OIE;8abbc2169f;2018-11-06
268;109;OIE;Bulgaria Vet Auth;8abbc2169f;2018-11-06
269;110;PADI-web;CIDRAP;8abbc2169f;2018-11-06
270;110;CIDRAP;OIE;8abbc2169f;2018-11-06
271;110;OIE;Bulgaria Vet Auth;8abbc2169f;2018-11-06
272;111;PADI-web;CIDRAP;8abbc2169f;2018-11-06
273;111;CIDRAP;OIE;8abbc2169f;2018-11-06
274;111;OIE;Bulgaria Vet Auth;8abbc2169f;2018-11-06
275;112;PADI-web;CIDRAP;8abbc2169f;2018-11-06
276;112;CIDRAP;OIE;8abbc2169f;2018-11-06
277;112;OIE;Russia Vet Auth;8abbc2169f;2018-11-06
278;113;PADI-web;Star Tribune;14256a276f;2018-11-01
279;113;Star Tribune;Associated Press;14256a276f;2018-11-01
280;113;Associated Press;Minnesota Vet Authorities;14256a276f;2018-11-01
281;114;PADI-web;Star Tribune;14256a276f;2018-11-01
282;114;Star Tribune;Associated Press;14256a276f;2018-11-01
283;114;Associated Press;Minnesota Vet Authorities;14256a276f;2018-11-01
284;115;PADI-web;SC Times;A98N826XHB;2018-11-01
285;115;SC Times;Minnesota Vet Authorities;A98N826XHB;2018-11-01
286;116;PADI-web;SC Times;A98N826XHB;2018-11-01
287;116;SC Times;Minnesota Vet Authorities;A98N826XHB;2018-11-01
288;117;PADI-web;West Central Tribune;95406b2e08;2018-11-01
289;117;West Central Tribune;Minnesota Vet Authorities;95406b2e08;2018-11-01
290;118;PADI-web;Feedstuffs;AJPQQDA6V3;2018-11-02
291;118;Feedstuffs;Minnesota Vet Authorities;AJPQQDA6V3;2018-11-02
292;119;PADI-web;Superior Telegram;d57110afff;2018-11-01
293;119;Superior Telegram;Minnesota Vet Authorities;d57110afff;2018-11-01
294;120;PADI-web;AG Week;37b5235966;2018-11-02
295;120;AG Week;Minnesota Vet Authorities;37b5235966;2018-11-02
296;121;PADI-web;WNAX;79277a125a;2018-11-05
297;121;WNAX;Minnesota Vet Authorities;79277a125a;2018-11-05
298;122;PADI-web;Deccan Herald;TXU3MDYE9U;2018-11-05
299;122;Deccan Herald;Bengaluru Deputy Conservator of Forests;TXU3MDYE9U;2018-11-05
300;123;PADI-web;CIDRAP;SQO7FVI4YC;2018-11-07
301;123;CIDRAP;J Infect Dis;SQO7FVI4YC;2018-11-07
302;124;PADI-web;CIDRAP;d0997c2cd9;2018-11-12
303;124;CIDRAP;OIE;d0997c2cd9;2018-11-12
304;124;OIE;US Vet Auth;d0997c2cd9;2018-11-08
305;125;PADI-web;CIDRAP;d0997c2cd9;2018-11-12
306;125;CIDRAP;OIE;d0997c2cd9;2018-11-12
307;125;OIE;US Vet Auth;d0997c2cd9;2018-11-08
308;126;PADI-web;CIDRAP;d0997c2cd9;2018-11-12
309;126;CIDRAP;OIE;d0997c2cd9;2018-11-12
310;126;OIE;US Vet Auth;d0997c2cd9;2018-11-08
311;127;PADI-web;CIDRAP;d0997c2cd9;2018-11-12
312;127;CIDRAP;OIE;d0997c2cd9;2018-11-12
313;127;OIE;US Vet Auth;d0997c2cd9;2018-11-08
314;128;PADI-web;CIDRAP;6886ebecd1;2018-11-16
315;128;CIDRAP;OIE;6886ebecd1;2018-11-16
316;128;OIE;US Vet Auth;6886ebecd1;2018-11-15
317;129;PADI-web;Reuters;AVVYKEXIIK;2018-11-21
318;129;Reuters;China Animal Health and Epidemiolology Center;AVVYKEXIIK;2018-11-21
319;130;PADI-web;Reuters;AVVYKEXIIK;2018-11-21
320;130;Reuters;China Animal Health and Epidemiolology Center;AVVYKEXIIK;2018-11-21
321;131;PADI-web;Devdiscourse;bb2481998b;2018-11-21
322;131;Devdiscourse;China Animal Health and Epidemiolology Center;bb2481998b;2018-11-21
323;132;PADI-web;Devdiscourse;bb2481998b;2018-11-21
324;132;Devdiscourse;China Animal Health and Epidemiolology Center;bb2481998b;2018-11-21
325;133;PADI-web;CIDRAP;0cb57bd550;2018-11-30
326;133;CIDRAP;OIE;0cb57bd550;2018-11-30
327;133;OIE;US Vet Auth;0cb57bd550;2018-11-28
328;134;PADI-web;CIDRAP;0cb57bd550;2018-11-30
329;134;CIDRAP;OIE;0cb57bd550;2018-11-30
330;134;OIE;South Africa Vet Auth;0cb57bd550;2018-11-28
331;135;PADI-web;Reuters;0S50QEW63W;2018-11-22
332;135;Reuters;China Animal Health and Epidemiolology Center;0S50QEW63W;2018-11-22
333;136;PADI-web;The Strait Times;fa5b050222;2018-11-23
334;136;The Strait Times;Reuters;fa5b050222;2018-11-23
335;136;Reuters;China Animal Health and Epidemiolology Center;fa5b050222;2018-11-22
336;137;PADI-web;Korea Herald;bc3229c1c5;2018-11-23
337;137;Korea Herald;South Korea Vet Auth;bc3229c1c5;2018-11-23
338;138;PADI-web;Reuters;A97LDI8XEM;2018-12-03
339;138;Reuters;OIE;A97LDI8XEM;2018-12-03
340;138;OIE;Iran Vet Auth;A97LDI8XEM;2018-12-01
341;139;PADI-web;KFGO News;e0c5f889d0;2018-12-03
342;139;KFGO News;OIE;e0c5f889d0;2018-12-03
343;139;OIE;Iran Vet Auth;e0c5f889d0;2018-12-01
344;140;PADI-web;The Poultry Site;fd0f191e83;2018-12-03
345;140;The Poultry Site;OIE;fd0f191e83;2018-12-03
346;140;OIE;Iran Vet Auth;fd0f191e83;2018-12-01
347;141;PADI-web;Financial Tribune;9b5d38a652;2018-12-04
348;141;Financial Tribune;OIE;9b5d38a652;2018-12-04
349;141;OIE;Iran Vet Auth;9b5d38a652;2018-12-01
350;142;PADI-web;CIDRAP;c1414862e0;2018-12-04
351;142;CIDRAP;OIE;c1414862e0;2018-12-04
352;142;OIE;Iran Vet Auth;c1414862e0;2018-12-01
353;143;PADI-web;CIDRAP;c1414862e0;2018-12-04
354;143;CIDRAP;OIE;c1414862e0;2018-12-04
355;143;OIE;Taiwan Vet Auth;c1414862e0;2018-12-04
356;144;PADI-web;CIDRAP;c1414862e0;2018-12-04
357;144;CIDRAP;OIE;c1414862e0;2018-12-04
358;144;OIE;Taiwan Vet Auth;c1414862e0;2018-12-04
359;145;PADI-web;Focus Taiwan;2d484d2732;2018-12-08
360;145;Focus Taiwan;Taiwan Vet Auth;2d484d2732;2018-12-08
361;147;PADI-web;Taiwan News;b3c2de34aa;2018-12-09
362;147;Taiwan News;Taiwan Vet Auth;b3c2de34aa;2018-12-09
363;148;PADI-web;Taiwan News;b3c2de34aa;2018-12-09
364;148;Taiwan News;Taiwan Vet Auth;b3c2de34aa;2018-12-09
365;149;PADI-web;Vietnam Plus;b1c3506f63;2018-12-11
366;149;Vietnam Plus;Hon Dat District animal husbandry division;b1c3506f63;2018-12-11
367;150;PADI-web;Odisha News Insight;9KVYJ39GE9;2018-12-13
368;150;Odisha News Insight;unnamed;9KVYJ39GE9;2018-12-13
369;151;PADI-web;Delmarva Now;I5U17L7QFD;2018-12-13
370;151;Delmarva Now;Delmarva Poultry Industry;I5U17L7QFD;2018-12-13
371;152;PADI-web;Business Standard;672f9e80da;2018-12-13
372;152;Business Standard;Puri Chief District Veterinary Officer;672f9e80da;2018-12-13
373;153;PADI-web;Telegraph India;838edd672e;2018-12-13
374;153;Telegraph India;Puri Chief District Veterinary Officer;838edd672e;2018-12-13
375;154;PADI-web;Times of India;3a27f57729;2018-12-13
376;154;Times of India;Puri Chief District Veterinary Officer;3a27f57729;2018-12-13
377;155;PADI-web;Odisha Television Ltd;fc8c58f63b;2018-12-13
378;155;Odisha Television Ltd;Odisha Fisheries and Animal Resources Development department ;fc8c58f63b;2018-12-13
379;156;PADI-web;The New Indian Express;61b37241cf;2018-12-14
380;156;The New Indian Express;Odisha Fisheries and Animal Resources Development department ;61b37241cf;2018-12-14
381;157;PADI-web;Odisha Bytes;9b2c677a23;2018-12-13
382;157;Odisha Bytes;Odisha Fisheries and Animal Resources Development department ;9b2c677a23;2018-12-13
383;158;PADI-web;Business Standard;672f9e80da;2018-12-13
384;158;Business Standard;Odisha Fisheries and Animal Resources Development department ;672f9e80da;2018-12-13
385;159;PADI-web;Telegraph India;838edd672e;2018-12-13
386;159;Telegraph India;Odisha Fisheries and Animal Resources Development department ;838edd672e;2018-12-13
387;160;PADI-web;Times of India;3a27f57729;2018-12-13
388;160;Times of India;Odisha Fisheries and Animal Resources Development department ;3a27f57729;2018-12-13
389;161;PADI-web;Odisha Television Ltd;fc8c58f63b;2018-12-13
390;161;Odisha Television Ltd;Odisha Fisheries and Animal Resources Development department ;fc8c58f63b;2018-12-13
391;162;PADI-web;Daily Pioneer;405ada411d;2018-12-14
392;162;Daily Pioneer;Odisha Fisheries and Animal Resources Development department ;405ada411d;2018-12-14
393;163;PADI-web;Daily Pioneer;405ada411d;2018-12-14
394;163;Daily Pioneer;Odisha Fisheries and Animal Resources Development department ;405ada411d;2018-12-14
395;164;PADI-web;Odisha Television Ltd;9a81c93bb8;2018-12-14
396;164;Odisha Television Ltd;Odisha Fisheries and Animal Resources Development department ;9a81c93bb8;2018-12-14
397;165;PADI-web;Odisha Television Ltd;9a81c93bb8;2018-12-14
398;165;Odisha Television Ltd;Odisha Fisheries and Animal Resources Development department ;9a81c93bb8;2018-12-14
399;166;PADI-web;The Hindu;e6e40fe619;2018-12-14
400;166;The Hindu;Odisha Fisheries and Animal Resources Development department ;e6e40fe619;2018-12-14
401;167;PADI-web;Focus Taiwan;26b50829fa;2018-12-16
402;167;Focus Taiwan;China Animal Disease Control Center;26b50829fa;2018-12-16
403;168;PADI-web;NDTV;8ecb1f43cd;2018-12-14
404;168;NDTV;Odisha Fisheries and Animal Resources Development department ;8ecb1f43cd;2018-12-14
405;169;PADI-web;The Sofia Globe;4fd51e8bc7;2018-12-19
406;169;The Sofia Globe;Bulgaria Vet Auth;4fd51e8bc7;2018-12-19
407;170;PADI-web;The New Indian Express;e6e40fe619;2018-12-14
408;170;The New Indian Express;The Chilika Development Auth;e6e40fe619;2018-12-14
409;171;PADI-web;Times of India;7b06de6fe8;2018-12-15
410;172;PADI-web;The New Indian Express;35cbd8ebd6;2018-12-16
411;172;The New Indian Express;Paradip District Veterinary Officer ;35cbd8ebd6;2018-12-16
412;173;PADI-web;The Hindu;47738356fa;2018-12-13
413;173;The Hindu;India State Government;47738356fa;2018-12-13
414;174;PADI-web;The New Indian Express;b7c57ecd1f;2018-12-17
415;175;PADI-web;Odisha Television Ltd;83032e61ff;2018-12-18
416;175;Odisha Television Ltd;India Vet Auth;83032e61ff;2018-12-18
417;176;PADI-web;Odisha Television Ltd;2dcde6c239;2018-12-19
418;177;PADI-web;CIDRAP;2da5e3b305;2018-12-20
419;177;CIDRAP;OIE;2da5e3b305;2018-12-20
420;177;OIE;India Vet Auth;2da5e3b305;2018-12-14
421;178;PADI-web;CIDRAP;2da5e3b305;2018-12-20
422;178;CIDRAP;Avian Flu Diary;2da5e3b305;2018-12-20
423;178;Avian Flu Diary;Bulgaria Vet Auth;2da5e3b305;2018-12-20
424;179;PADI-web;Yahoo News;CCBN624892;2018-12-25
425;179;Yahoo News;India Chief Conservator of Forests Bihar;CCBN624892;2018-12-25
426;180;PADI-web;Daily Pioneer;e1c32faa0a;2018-12-19
427;181;PADI-web;The New Indian Express;c455f6481e;2018-12-21
428;182;PADI-web;Pragativadi;L0YOZ67YA6;2018-12-21
429;182;Pragativadi;Puri Chief District Veterinary Officer;L0YOZ67YA6;2018-12-21
430;183;PADI-web;Odisha Television Ltd;4YT92EIGPR;2018-12-21
431;183;Odisha Television Ltd;Puri Chief District Veterinary Officer;4YT92EIGPR;2018-12-21
432;184;PADI-web;Times of India;618fa528f5;2018-12-23
433;184;Times of India;Patna state animal and fisheries resources department;618fa528f5;2018-12-23
434;185;PADI-web;Times of India;618fa528f5;2018-12-23
435;185;Times of India;India District Animal Husbandry;618fa528f5;2018-12-23
436;186;PADI-web;India Today;A8NNVO1TO9;2018-12-25
437;186;India Today;Bihar animal husbandry department;A8NNVO1TO9;2018-12-25
438;187;PADI-web;The Hindu Business Line;OPSYO4GA8D;2018-12-25
439;187;The Hindu;India Chief Conservator of Forests Bihar;OPSYO4GA8D;2018-12-25
440;188;PADI-web;The New Indian Express;Q6OVQRHN25;2018-12-26
441;188;The New Indian Express;Patna state animal and fisheries resources department;Q6OVQRHN25;2018-12-26
442;189;PADI-web;The New Indian Express;Q6OVQRHN25;2018-12-26
443;189;The New Indian Express;India Chief Conservator of Forests Bihar;Q6OVQRHN25;2018-12-26
444;190;PADI-web;Deccan Herald;H3HWIVI27E;2018-12-26
445;190;Deccan Herald;Patna Zoo Director;H3HWIVI27E;2018-12-26
446;191;PADI-web;Deccan Herald;H3HWIVI27E;2018-12-26
447;191;Deccan Herald;India Chief Conservator of Forests Bihar;H3HWIVI27E;2018-12-26
448;192;PADI-web;Xinhua;TRYBG3FKOF;2018-12-26
449;192;Xinhua;Bihar animal husbandry department;TRYBG3FKOF;2018-12-26
450;193;PADI-web;Telegraph India;XBMIRUQ5PI;2018-12-26
451;193;Telegraph India;Bihar animal husbandry department;XBMIRUQ5PI;2018-12-26
452;194;PADI-web;Times of India;IRYZHBZHBJ;2018-12-27
453;194;Times of India;Patna Zoo Director;IRYZHBZHBJ;2018-12-27
454;195;PADI-web;Times of India;PB0PKJP6QN;2018-12-27
455;196;PADI-web;News Nation;V0QMG25XWL;2018-12-28
456;196;News Nation;India Chief Conservator of Forests Bihar;V0QMG25XWL;2018-12-28
457;197;PADI-web;Times of India;4UAX4U2P3R;2018-12-28
458;197;Times of India;Patna laboratory;4UAX4U2P3R;2018-12-28
459;198;PADI-web;Times of India;9BXG8ZUMBT;2018-12-29
460;198;Times of India;Patna Zoo Director;9BXG8ZUMBT;2018-12-29
461;199;PADI-web;Focus Taiwan;13QPG1EKQE;2018-12-30
462;199;Focus Taiwan;Taiwan Vet Auth;13QPG1EKQE;2018-12-30
463;200;PADI-web;Patna Daily;JX7LFCRJPQ;2018-12-30
464;200;Patna Daily;Patna Zoo Director;JX7LFCRJPQ;2018-12-30
465;201;PADI-web;CIDRAP;IJ38NQC7NR;2018-12-31
466;201;CIDRAP;OIE;IJ38NQC7NR;2018-12-31
467;201;OIE;Taiwan Vet Auth;IJ38NQC7NR;2018-12-25
468;202;PADI-web;CIDRAP;IJ38NQC7NR;2018-12-31
469;202;CIDRAP;Avian Flu Diary;IJ38NQC7NR;2018-12-31
470;202;Avian Flu Diary;Patna Zoo Director;IJ38NQC7NR;2018-12-31
471;203;PADI-web;CIDRAP;IJ38NQC7NR;2018-12-31
472;203;CIDRAP;OIE;IJ38NQC7NR;2018-12-31
473;203;OIE;India Vet Auth;IJ38NQC7NR;2018-12-31
474;204;PADI-web;Taiwan News;JOEOBR81ZG;2019-01-01
475;204;Taiwan News;A farmer;JOEOBR81ZG;2019-01-01
476;205;PADI-web;The Poultry Site;3BGUMKZLA3;2019-01-01
477;205;The Poultry Site;A farmer;3BGUMKZLA3;2019-01-01
478;206;PADI-web;Business Standard;Q7W8S27J7J;2019-01-02
479;206;Business Standard;Bihar Deputy Chief Minister;Q7W8S27J7J;2019-01-02
480;207;PADI-web;Times of India;FSMTDGXJJX;2019-01-02
481;207;Times of India;Patna Zoo Director;FSMTDGXJJX;2019-01-02
482;208;PADI-web;Times of India;QJ5EAK446X;2019-01-03
483;208;Times of India;Bihar Deputy Chief Minister;QJ5EAK446X;2019-01-03
484;209;PADI-web;Hindustantimes;09H1J4T8SZ;2019-01-03
485;209;Hindustantimes;Epidemiologist Dr Ragini Misha;09H1J4T8SZ;2019-01-03
486;210;PADI-web;Hindustantimes;09H1J4T8SZ;2019-01-03
487;210;Hindustantimes;India District Animal Husbandry;09H1J4T8SZ;2019-01-03
488;211;PADI-web;Times of India;H6ORZ7S6XV;2019-01-04
489;211;Times of India;Bihar animal husbandry department;H6ORZ7S6XV;2019-01-04
490;212;PADI-web;Xinhua;4CO09Z4RKL;2019-01-04
491;212;Xinhua;Munger Animal Husbandry officer;4CO09Z4RKL;2019-01-04
492;213;PADI-web;Xinhua;4CO09Z4RKL;2019-01-04
493;213;Xinhua;Bihar animal husbandry department;4CO09Z4RKL;2019-01-04
494;214;PADI-web;Times of India;44CSC3CRW5;2019-01-04
495;214;Times of India;Munger Animal Husbandry officer;44CSC3CRW5;2019-01-04
496;215;PADI-web;Times of India;44CSC3CRW5;2019-01-04
497;215;Times of India;India District Animal Husbandry;44CSC3CRW5;2019-01-04
498;216;PADI-web;China.org.cn;EF8DUZYCZU;2019-01-05
499;216;China.org.cn;Xinhua;EF8DUZYCZU;2019-01-05
500;216;Xinhua;India District Animal Husbandry;EF8DUZYCZU;2019-01-05
501;217;PADI-web;NDTV;AEVBY2RCAL;2019-01-05
502;217;NDTV;Munger Animal Husbandry officer;AEVBY2RCAL;2019-01-05
503;218;PADI-web;Times of India;123HM7ZP78;2019-01-05
504;218;Times of India;Munger Animal Husbandry officer;123HM7ZP78;2019-01-05
505;219;PADI-web;Tribune India;20XODDU1BY;2019-01-06
506;219;Tribune India;Muzzafarpur Animal Husbandry officier;20XODDU1BY;2019-01-06
507;220;PADI-web;The Hindu;XHWBWZBROZ;2019-01-06
508;220;The Hindu;Muzzafarpur Animal Husbandry officier;XHWBWZBROZ;2019-01-06
509;221;PADI-web;Xinhua;QLSLHCDWAC;2019-01-07
510;221;Xinhua;Long An Department of Agriculture and Rural Development;QLSLHCDWAC;2019-01-07
511;222;PADI-web;The Poultry Site;KSHTT0900H;2019-01-07
512;222;The Poultry Site;India Today;KSHTT0900H;2019-01-07
513;223;PADI-web;Business Standard;IWWBDN7LFG;2019-01-07
514;223;Business Standard;Union Minister of State for Environment;IWWBDN7LFG;2019-01-07
515;224;PADI-web;Times of India;DWYXNSF9J0;2019-01-07
516;224;Times of India;Bihar principal chief conservator of forest ;DWYXNSF9J0;2019-01-07
517;225;PADI-web;CIDRAP;QCVM4E2V0B;2019-01-07
518;225;CIDRAP;OIE;QCVM4E2V0B;2019-01-07
519;225;OIE;India Vet Auth;QCVM4E2V0B;2019-01-07
520;226;PADI-web;CIDRAP;QCVM4E2V0B;2019-01-07
521;226;CIDRAP;OIE;QCVM4E2V0B;2019-01-07
522;226;OIE;Iran Vet Auth;QCVM4E2V0B;2019-01-07
523;227;PADI-web;Khmer Times;CE9GNAFCN6;2019-01-08
524;227;Khmer Times;Long An Department of Agriculture and Rural Development;CE9GNAFCN6;2019-01-08
525;228;PADI-web;Times of India;8L5PRJUJN0;2019-01-08
526;228;Times of India;Patna Zoo Director;8L5PRJUJN0;2019-01-08
527;228;Patna Zoo Director;India District Animal Husbandry;8L5PRJUJN0;2019-01-08
528;229;PADI-web;Xinhua;TS7VKVK98R;2019-01-09
529;229;Xinhua;Quang Ninh animal health bureau ;TS7VKVK98R;2019-01-09
530;230;PADI-web;Xinhua;C6OXQYM90Z;2019-01-09
531;230;Xinhua;Quang Ninh animal health bureau;C6OXQYM90Z;2019-01-09
532;231;PADI-web;Down To Earth Magazine;BOWGJA1DHD;2019-01-10
533;232;PADI-web;Down To Earth Magazine;BOWGJA1DHD;2019-01-10
534;232;Down To Earth Magazine;Institut of High Security Animal Disease (NIHSAD);BOWGJA1DHD;2019-01-10
535;233;PADI-web;Down To Earth Magazine;BOWGJA1DHD;2019-01-10
536;233;Down To Earth Magazine;Munger Animal Husbandry officer;BOWGJA1DHD;2019-01-10
537;234;PADI-web;Times of India;44UA2MJBU2;2019-01-13
538;234;Times of India;India District Animal Husbandry;44UA2MJBU2;2019-01-13
539;234;India District Animal Husbandry;Institut of High Security Animal Disease (NIHSAD);44UA2MJBU2;2019-01-13
540;235;PADI-web;Prensa Latina;X5V4R9ZJZ5;2019-01-16
541;235;Prensa Latina;Dominican Republic Vet Auth;X5V4R9ZJZ5;2019-01-16
542;236;PADI-web;Emirates247;2OETOV25B5;2019-01-17
543;236;Emirates247;UAE Ministery of Climate Change and Environment;2OETOV25B5;2019-01-17
544;236;UAE Ministery of Climate Change and Environment;OIE;2OETOV25B5;2019-01-17
545;236;OIE;Russia Vet Auth;2OETOV25B5;2019-01-11
546;237;PADI-web;ArabianBusiness;N8GE9J9IJC;2019-01-17
547;237;ArabianBusiness;UAE Ministery of Climate Change and Environment;N8GE9J9IJC;2019-01-17
548;237;UAE Ministery of Climate Change and Environment;OIE;N8GE9J9IJC;2019-01-17
549;237;OIE;Russia Vet Auth;2OETOV25B5;2019-01-11
550;238;PADI-web;Hindustantimes;SXG58PD1VZ;2019-01-18
551;238;Hindustantimes;Institut of High Security Animal Disease (NIHSAD);SXG58PD1VZ;2019-01-18
552;239;PADI-web;Times of India;PN9YSCIXIU;2019-01-23
553;239;Times of India;India District Animal Husbandry;PN9YSCIXIU;2019-01-23
554;240;PADI-web;Times of India;PN9YSCIXIU;2019-01-23
555;240;Times of India;Institut of High Security Animal Disease (NIHSAD);PN9YSCIXIU;2019-01-23
556;241;PADI-web;CIDRAP;K888VM5GT9;2019-01-24
557;241;CIDRAP;OIE;K888VM5GT9;2019-01-24
558;241;OIE;Dominican Republic Vet Auth;K888VM5GT9;2019-01-24
559;242;PADI-web;CIDRAP;K888VM5GT9;2019-01-24
560;242;CIDRAP;OIE;K888VM5GT9;2019-01-24
561;242;OIE;India Vet Auth;K888VM5GT9;2019-01-24
562;243;PADI-web;CIDRAP;K888VM5GT9;2019-01-24
563;243;CIDRAP;OIE;K888VM5GT9;2019-01-24
564;243;OIE;Taiwan Vet Auth;K888VM5GT9;2019-01-23
565;244;PADI-web;Focus Taiwan;6R8IQQLEZP;2019-01-26
566;244;Focus Taiwan;Taiwan Animal Disease Control Center;6R8IQQLEZP;2019-01-26
567;245;PADI-web;Times of India;VEI5VF7ZIS;2019-01-28
568;246;PADI-web;CIDRAP;N6G7NDW9O3;2019-01-29
569;246;CIDRAP;OIE;N6G7NDW9O3;2019-01-29
570;246;OIE;Russia Vet Auth;N6G7NDW9O3;2019-01-28
571;247;PADI-web;CIDRAP;N6G7NDW9O3;2019-01-29
572;247;CIDRAP;OIE;N6G7NDW9O3;2019-01-29
573;247;OIE;Nigeria Vet Auth;N6G7NDW9O3;2019-01-28
574;248;PADI-web;CIDRAP;N6G7NDW9O3;2019-01-29
575;248;CIDRAP;OIE;N6G7NDW9O3;2019-01-29
576;248;OIE;South Africa Vet Auth;N6G7NDW9O3;2019-01-28
577;249;PADI-web;The Namibian;DXLPYEVIAH;2019-01-31
578;249;The Namibian;Namibia Vet Auth;DXLPYEVIAH;2019-01-31
579;250;PADI-web;Gulf Business News;KHWIBR81UQ;2019-02-07
580;250;Gulf Business News;UAE Ministery of Climate Change and Environment;KHWIBR81UQ;2019-02-07
581;250;UAE Ministery of Climate Change and Environment;OIE;KHWIBR81UQ;2019-02-07
582;250;UAE Ministery of Climate Change and Environment;Kuwait Vet Auth;KHWIBR81UQ;2019-02-05
583;251;PADI-web;Gulf Today;QDSXJ22TUE;2019-02-07
584;251;Gulf Today;UAE Ministery of Climate Change and Environment;QDSXJ22TUE;2019-02-07
585;251;UAE Ministery of Climate Change and Environment;OIE;QDSXJ22TUE;2019-02-07
586;251;OIE;Kuwait Vet Auth;QDSXJ22TUE;2019-02-05
587;252;PADI-web;Khaleej Times;E9M3MSMPVZ;2019-02-08
588;252;Khaleej Times;UAE Ministery of Climate Change and Environment;E9M3MSMPVZ;2019-02-08
589;252;OIE;OIE;E9M3MSMPVZ;2019-02-08
590;252;OIE;Kuwait Vet Auth;E9M3MSMPVZ;2019-02-05
591;253;PADI-web;ArabianBusiness;XBHXYB3ZVT;2019-02-08
592;253;ArabianBusiness;UAE Ministery of Climate Change and Environment;XBHXYB3ZVT;2019-02-08
593;253;UAE Ministery of Climate Change and Environment;OIE;XBHXYB3ZVT;2019-02-08
594;253;OIE;Kuwait Vet Auth;XBHXYB3ZVT;2019-02-05
595;254;PADI-web;Daily Pioneer;T5I5EESRWF;2019-02-08
596;254;Daily Pioneer;India's ornitologists;T5I5EESRWF;2019-02-08
597;255;PADI-web;Times of India;9Y7AK98JSI;2019-02-10
598;255;Times of India;India District Animal Husbandry;9Y7AK98JSI;2019-02-10
599;256;PADI-web;Telegraph India;2WSR0KM2IQ;2019-02-10
600;256;Telegraph India;Jharkhand animal husbandry department ;2WSR0KM2IQ;2019-02-10
603;257;PADI-web;The Poultry Site;6OGMFJWCCJ;2019-02-11
604;257;The Poultry Site;UAE Ministery of Climate Change and Environment;6OGMFJWCCJ;2019-02-11
605;257;UAE Ministery of Climate Change and Environment;OIE;6OGMFJWCCJ;2019-02-11
606;257;OIE;Kuwait Vet Auth;6OGMFJWCCJ;2019-02-05
607;258;PADI-web;Hindustantimes;8VD9K17QOM;2019-02-12
608;258;Hindustantimes;India District Animal Husbandry;8VD9K17QOM;2019-02-12
609;259;PADI-web;Financial Express;DF25DK9STV;2019-02-12
610;259;Financial Express;Bihar animal husbandry department;DF25DK9STV;2019-02-12
611;260;PADI-web;Xinhua;15PWSDO6C3;2019-02-13
612;260;Xinhua;Namibia Vet Auth;15PWSDO6C3;2019-02-13
613;261;PADI-web;African Daily Voice;2KTFQJN452;2019-02-14
614;261;African Daily Voice;Namibia Vet Auth;2KTFQJN452;2019-02-14
615;261;Namibian Government;Namibia Vet Auth;2KTFQJN452;2019-02-14
616;262;PADI-web;Informante.web;T5KDQLT3ZM;2019-02-14
617;262;Informante.web;Acting Chief Veterinary Officier;T5KDQLT3ZM;2019-02-14
618;263;PADI-web;Informante.web;T5KDQLT3ZM;2019-02-14
619;263;Informante.web;Namibia Vet Auth;T5KDQLT3ZM;2019-02-14
620;264;PADI-web;Daily Pioneer;LYC4DMFZCU;2019-02-14
621;264;Daily Pioneer;India District Animal Husbandry;LYC4DMFZCU;2019-02-14
622;264;India District Animal Husbandry;Institut of High Security Animal Disease (NIHSAD);LYC4DMFZCU;2019-02-14
623;265;PADI-web;New Era LIVE;EU5879PZPY;2019-02-15
624;265;New Era LIVE;Namibia Vet Auth;EU5879PZPY;2019-02-15
625;265;Namibia Vet Auth;Namibia's Central Veterinary Laboratory;EU5879PZPY;2019-02-15
626;266;PADI-web;The Namibian;713G4E2WSI;2019-02-15
627;266;The Namibian;Acting Chief Veterinary Officier;713G4E2WSI;2019-02-15
628;267;PADI-web;Focus Taiwan;SDFP4CLKQ2;2019-02-18
629;267;Focus Taiwan;Taiwan Animal Disease Control Center;SDFP4CLKQ2;2019-02-18
630;268;PADI-web;Taiwan News;EJCBXCQCPW;2019-02-19
631;268;Taiwan News;Taiwan Animal Disease Control Center;EJCBXCQCPW;2019-02-19
632;269;PADI-web;The Punch;P507POEXPD;2019-02-19
633;269;The Punch;News Agency of Nigeria;P507POEXPD;2019-02-19
634;269;News Agency of Nigeria;Nigeria Vet Auth;P507POEXPD;2019-02-19
635;270;PADI-web;Premium Times;2V7YWN36HA;2019-02-19
636;270;Premium Times;News Agency of Nigeria;2V7YWN36HA;2019-02-19
637;270;News Agency of Nigeria;Nigeria Vet Auth;2V7YWN36HA;2019-02-19
638;271;PADI-web;CIDRAP;BTJH12D7DW;2019-02-19
639;271;CIDRAP;OIE;BTJH12D7DW;2019-02-19
640;271;OIE;India Vet Auth;BTJH12D7DW;2019-02-16
641;272;PADI-web;CIDRAP;BTJH12D7DW;2019-02-19
642;272;CIDRAP;OIE;BTJH12D7DW;2019-02-19
643;272;OIE;Nigeria Vet Auth;BTJH12D7DW;2019-02-15
644;273;PADI-web;CIDRAP;BTJH12D7DW;2019-02-19
645;273;CIDRAP;OIE;BTJH12D7DW;2019-02-19
646;273;OIE;South Africa Vet Auth;BTJH12D7DW;2019-02-18
647;274;PADI-web;The Punch;SF8A41P3VJ;2019-02-19
648;274;The Punch;News Agency of Nigeria;SF8A41P3VJ;2019-02-19
649;274;News Agency of Nigeria;Nigeria Vet Auth;SF8A41P3VJ;2019-02-19
650;275;PADI-web;allAfrica;V57DV9XEXR;2019-02-20
651;275;allAfrica;Premium Times;V57DV9XEXR;2019-02-20
652;275;Premium Times;News Agency of Nigeria;V57DV9XEXR;2019-02-20
653;275;News Agency of Nigeria;Nigeria Vet Auth;V57DV9XEXR;2019-02-20
654;276;PADI-web;The Eagle Online;VPPV0233GJ;2019-02-21
655;276;The Eagle Online;Nigeria Vet Auth;VPPV0233GJ;2019-02-21
656;277;PADI-web;The Punch;KCBRJE8UKT;2019-02-22
657;277;The Punch;News Agency of Nigeria;KCBRJE8UKT;2019-02-22
658;277;News Agency of Nigeria;Nigeria Vet Auth;KCBRJE8UKT;2019-02-22
659;278;PADI-web;CIDRAP;DRFZWWL6VX;2019-02-22
660;278;CIDRAP;Reuters;DRFZWWL6VX;2019-02-22
661;278;Reuters;China Vet Auth;DRFZWWL6VX;2019-02-22
662;279;PADI-web;CIDRAP;DRFZWWL6VX;2019-02-22
663;279;CIDRAP;OIE;DRFZWWL6VX;2019-02-22
664;279;OIE;India Vet Auth;DRFZWWL6VX;2019-02-22
665;280;PADI-web;WHTC News;K5DKUCQ10S;2019-02-22
666;280;WHTC News;Reuters;K5DKUCQ10S;2019-02-22
667;280;Reuters;China Vet Auth;K5DKUCQ10S;2019-02-22
668;281;PADI-web;Telegraph India;EPQVRYQ8HF;2019-02-23
669;281;Telegraph India;India District Animal Husbandry;EPQVRYQ8HF;2019-02-23
670;282;PADI-web;Daily Pioneer;5EMSHUX6IF;2019-02-23
671;282;Daily Pioneer;India District Animal Husbandry;5EMSHUX6IF;2019-02-23
672;283;PADI-web;Daily Trust;5L0XE5CW6V;2019-02-24
673;283;Daily Trust;News Agency of Nigeria;5L0XE5CW6V;2019-02-24
674;283;News Agency of Nigeria;Nigeria Vet Auth;5L0XE5CW6V;2019-02-24
675;284;PADI-web;CIDRAP;Q42CF538KH;2019-02-27
676;284;CIDRAP;OIE;Q42CF538KH;2019-02-27
677;284;OIE;Nigeria Vet Auth;Q42CF538KH;2019-02-27
678;285;PADI-web;CIDRAP;Q42CF538KH;2019-02-27
679;285;CIDRAP;OIE;Q42CF538KH;2019-02-27
680;285;OIE;Pakistan Vet Auth;Q42CF538KH;2019-02-26
681;286;PADI-web;CIDRAP;Q42CF538KH;2019-02-27
682;286;CIDRAP;OIE;Q42CF538KH;2019-02-27
683;286;OIE;Taiwan Vet Auth;Q42CF538KH;2019-02-26
684;287;PADI-web;The Namibian;P6S50A3O1Q;2019-02-28
685;287;The Namibian;Luderiz Maritime Research Group;P6S50A3O1Q;2019-02-28
686;288;PADI-web;allAfrica;IJ8O2DT7KE;2019-02-28
687;288;allAfrica;The Namibian;IJ8O2DT7KE;2019-02-28
688;288;The Namibian;Luderiz Maritime Research Group;IJ8O2DT7KE;2019-02-28
689;289;PADI-web;CIDRAP;HO87NGZHTR;2019-03-04
690;289;CIDRAP;OIE;HO87NGZHTR;2019-03-04
691;289;OIE;Denmark Vet Auth;HO87NGZHTR;2019-03-01
692;290;PADI-web;CIDRAP;HO87NGZHTR;2019-03-04
693;290;CIDRAP;Avian Flu Diary;HO87NGZHTR;2019-03-04
694;290;Avian Flu Diary;Egypt Vet Auth;HO87NGZHTR;2019-03-04
695;291;PADI-web;CIDRAP;HO87NGZHTR;2019-03-04
696;291;CIDRAP;FluTrackers;HO87NGZHTR;2019-03-04
697;291;FluTrackers;Egypt Vet Auth;HO87NGZHTR;2019-03-04
698;292;PADI-web;OrissaPOST;01D9SENQ6Z;2019-03-05
699;292;OrissaPOST;Mahakalapara locals;01D9SENQ6Z;2019-03-05
700;293;PADI-web;Xinhua;IYYTXKOR3A;2019-03-08
701;293;Xinhua;Vietnam disctrict's Agricultural Technique Center;IYYTXKOR3A;2019-03-08
702;294;PADI-web;MENAFN;Y6X2REDBB1;2019-03-09
703;294;MENAFN;Vietnam disctrict's Agricultural Technique Center;Y6X2REDBB1;2019-03-09
704;295;PADI-web;New Era LIVE;WK1QEZ1DO7;2019-03-11
705;295;New Era LIVE;Ministry of Fisheries and Marine Resources (Namibia);WK1QEZ1DO7;2019-03-11
706;296;PADI-web;allAfrica;49BVQXV8Z9;2019-03-11
707;296;allAfrica;New Era LIVE;49BVQXV8Z9;2019-03-11
708;296;New Era LIVE;Ministry of Fisheries and Marine Resources (Namibia);49BVQXV8Z9;2019-03-11
709;297;PADI-web;PLUS TV Africa;LCPBQSBV8V;2019-03-11
710;297;PLUS TV Africa;Ministry of Fisheries and Marine Resources (Namibia);LCPBQSBV8V;2019-03-11
711;298;PADI-web;Reuters;HI79KFVOQ8;2019-03-14
712;298;Reuters;Bulgaria Vet Auth;HI79KFVOQ8;2019-03-14
713;299;PADI-web;Focus News;TXO8ZPHZZA;2019-03-14
714;299;Focus News;Bulgarian Focus Information Agency;TXO8ZPHZZA;2019-03-14
715;299;Bulgarian Focus Information Agency;Bulgaria Vet Auth;TXO8ZPHZZA;2019-03-14
716;300;PADI-web;CIDRAP;QFH9M21Z93;2019-03-14
717;300;CIDRAP;OIE;QFH9M21Z93;2019-03-14
718;300;OIE;Bulgaria Vet Auth;QFH9M21Z93;2019-03-14
719;301;PADI-web;CIDRAP;QFH9M21Z93;2019-03-14
720;301;CIDRAP;OIE;QFH9M21Z93;2019-03-14
721;301;OIE;Taiwan Vet Auth;QFH9M21Z93;2019-03-14
722;302;PADI-web;CIDRAP;QFH9M21Z93;2019-03-14
723;302;CIDRAP;OIE;QFH9M21Z93;2019-03-14
724;302;OIE;South African officials;QFH9M21Z93;2019-03-14
725;303;PADI-web;The Himalayan Times;HDJJZ5FODM;2019-03-16
726;303;The Himalayan Times;Nepal's District Administration Office;HDJJZ5FODM;2019-03-16
727;304;PADI-web;The Himalayan Times;7B5YUAB6QG;2019-03-16
728;304;The Himalayan Times;Dr Parshuman Phuyal Chief of Veterinary Hospital (Nepal);7B5YUAB6QG;2019-03-16
729;305;PADI-web;Kathmandu Post;0HQSL4PFZ8;2019-03-17
730;305;Kathmandu Post;Nepal local vet authorities;0HQSL4PFZ8;2019-03-17
731;306;PADI-web;Setopati;VOMLI0KKNN;2019-03-17
732;306;Setopati;Chief of Department of Livestock Services Dr Raya;VOMLI0KKNN;2019-03-17
733;307;PADI-web;Kathmandu Post;75F89AM7KL;2019-03-18
734;307;Kathmandu Post;Chief of Department of Livestock Services Dr Raya;75F89AM7KL;2019-03-18
735;308;PADI-web;China.org.cn;LYHPHRGPAW;2019-03-18
736;308;China.org.cn;Xinhua;LYHPHRGPAW;2019-03-18
737;308;Xinhua;Center for Food Safety of Honk Kong;LYHPHRGPAW;2019-03-18
738;308;Center for Food Safety of Honk Kong;OIE;LYHPHRGPAW;2019-03-18
739;308;OIE;Denmark Vet Auth;LYHPHRGPAW;2019-03-15
740;309;PADI-web;CIDRAP;TSYVRGZ03Y;2019-03-18
741;309;CIDRAP;OIE;TSYVRGZ03Y;2019-03-18
742;309;OIE;Nepal Vet Auth;TSYVRGZ03Y;2019-03-17
743;310;PADI-web;Hindustantimes;GYSBDML0OU;2019-03-18
744;310;Hindustantimes;Jharkhand villagers;GYSBDML0OU;2019-03-18
745;311;PADI-web;Kathmandu Post;2QSTD9QEV8;2019-03-19
746;311;Kathmandu Post;Chief of Department of Livestock Services Dr Raya;2QSTD9QEV8;2019-03-19
747;311;Chief of Department of Livestock Services Dr Raya;Ministry of Agriculture and Livestock Development;2QSTD9QEV8;2019-03-19
748;312;PADI-web;Setopati;2RUENGD7XI;2019-03-19
749;312;Setopati;Chief of Department of Livestock Services Dr Raya;2RUENGD7XI;2019-03-19
750;313;PADI-web;Foodnavigator;VW4GZ8M97T;2019-03-19
751;313;Foodnavigator;Center for Food Safety of Honk Kong;VW4GZ8M97T;2019-03-19
752;313;Center for Food Safety of Honk Kong;OIE;VW4GZ8M97T;2019-03-19
753;313;OIE;Denmark Vet Auth;VW4GZ8M97T;2019-03-15
754;314;PADI-web;Pakistan Today;6IHHQ1QXMA;2019-03-19
755;315;PADI-web;Setopati;F3REMTVJOJ;2019-03-22
756;315;Setopati;Chitwan veterinarian;F3REMTVJOJ;2019-03-22
757;316;PADI-web;Setopati;F3REMTVJOJ;2019-03-22
758;316;Setopati;Chitwan district Officier;F3REMTVJOJ;2019-03-22
759;317;PADI-web;Trust.org;KD8UEO15VV;2019-03-25
760;317;Trust.org;Reuters;KD8UEO15VV;2019-03-25
761;317;Reuters;China Vet Auth;KD8UEO15VV;2019-03-25
762;318;PADI-web;Delmarva Public Radio;T6T0K5M0QM;2019-03-25
763;318;Delmarva Public Radio;Salisbury Daily Times;T6T0K5M0QM;2019-03-25
764;318;Salisbury Daily Times;Salisbury Animal Health Laboratory;T6T0K5M0QM;2019-03-25
765;319;PADI-web;The Cambodia Daily;X85O8AROL0;2019-03-26
766;319;The Cambodia Daily;CIDRAP;X85O8AROL0;2019-03-26
767;320;PADI-web;The Poultry Site;MLDD2F00FD;2019-03-26
768;320;The Poultry Site;CIDRAP;MLDD2F00FD;2019-03-26
769;321;PADI-web;The Himalayan Times;5LGYX7PMJ6;2019-03-27
770;321;The Himalayan Times;Makawanpur district officer;5LGYX7PMJ6;2019-03-27
771;322;PADI-web;The Poultry Site;55TYJDFGTI;2019-03-28
772;322;The Poultry Site;Makawanpur district officer;55TYJDFGTI;2019-03-23
773;323;PADI-web;Down To Earth Magazine;1H2Z1OHY17;2019-03-28
774;323;Down To Earth Magazine;Animal Disease Research Laboratory of Cuttack;1H2Z1OHY17;2019-03-28
775;323;Animal Disease Research Laboratory of Cuttack;Institut of High Security Animal Disease (NIHSAD);1H2Z1OHY17;2019-03-28
776;324;PADI-web;Nepal 24 hours;H67J670FCW;2019-03-29
777;324;Nepal 24 hours;Makawanpur district officer;H67J670FCW;2019-03-29
778;325;PADI-web;Business Standard;QS4I0X5KO3;2019-03-31
779;325;Business Standard;Cuttack Chief Veterinary Officer Dr Behera;QS4I0X5KO3;2019-03-31
780;326;PADI-web;NYOOOZ;B8TBYODWW3;2019-03-31
781;326;NYOOOZ;Cuttack Chief Veterinary Officer Dr Behera;B8TBYODWW3;2019-03-31
782;326;Cuttack Chief Veterinary Officer Dr Behera;Institut of High Security Animal Disease (NIHSAD);B8TBYODWW3;2019-03-31
783;327;PADI-web;The New Indian Express;NRTAH840DX;2019-04-01
784;327;The New Indian Express;Cuttack Chief Veterinary Officer Dr Behera;NRTAH840DX;2019-04-01
785;328;PADI-web;WATTAgNet;PXNHIQX760;2019-04-02
786;329;PADI-web;Reuters;DYNLZXG47A;2019-04-02
787;329;Reuters;China Vet Auth;DYNLZXG47A;2019-04-02
788;330;PADI-web;CIDRAP;0E73UTBLWB;2019-04-02
789;330;CIDRAP;Avian Flu Diary;0E73UTBLWB;2019-04-02
790;330;Avian Flu Diary;China Vet Auth;0E73UTBLWB;2019-04-02
791;331;PADI-web;CIDRAP;0E73UTBLWB;2019-04-02
792;331;CIDRAP;OIE;0E73UTBLWB;2019-04-02
793;331;OIE;Nepal Vet Auth;0E73UTBLWB;2019-03-31
794;332;PADI-web;CIDRAP;0E73UTBLWB;2019-04-02
795;332;CIDRAP;OIE;0E73UTBLWB;2019-04-02
796;332;OIE;Taiwan Vet Auth;0E73UTBLWB;2019-04-01
797;333;PADI-web;CIDRAP;0E73UTBLWB;2019-04-02
798;333;CIDRAP;OIE;0E73UTBLWB;2019-04-02
799;333;OIE;Mexico Vet Auth;0E73UTBLWB;2019-04-02
800;334;PADI-web;The Poultry Site;NKPTCKCY7V;2019-04-03
801;334;The Poultry Site;Bulgaria Vet Auth;NKPTCKCY7V;2019-04-03
802;335;PADI-web;The Poultry Site;NKPTCKCY7V;2019-04-03
803;335;The Poultry Site;Reuters;NKPTCKCY7V;2019-04-03
804;336;PADI-web;Reuters;XGYR7RAWQP;2019-04-03
805;336;Reuters;Bulgaria Vet Auth;XGYR7RAWQP;2019-04-03
806;337;PADI-web;Focus News;U058GHL8LK;2019-04-03
807;337;Focus News;Bulgaria Vet Auth;U058GHL8LK;2019-04-03
808;337;Bulgaria Vet Auth;Bulgaria's National Reference Laboratory;U058GHL8LK;2019-04-03
809;338;PADI-web;Novinite.com (Sofia News Agency);944GGNW00Q;2019-04-03
810;338;Novinite.com (Sofia News Agency);Bulgaria Vet Auth;944GGNW00Q;2019-04-03
811;338;Bulgaria Vet Auth;Bulgaria's National Reference Laboratory;944GGNW00Q;2019-04-03
812;339;PADI-web;SeeNews;ACD5M5SYDH;2019-04-03
813;339;SeeNews;Bulgaria Vet Auth;ACD5M5SYDH;2019-04-03
814;340;PADI-web;Setopati;IROCWR3FKC;2019-04-04
815;340;Setopati;Dr Dhakal Livestock Service Expert Center;IROCWR3FKC;2019-04-04
816;341;PADI-web;Kathmandu Post;R826VKKY9H;2019-04-07
817;341;Kathmandu Post;Department of Livestock Servicies;R826VKKY9H;2019-04-07
818;341;Department of Livestock Servicies;Nepal Central Veterinary Laboratory;R826VKKY9H;2019-04-07
819;342;PADI-web;Gulf News;PWHFUXA89B;2019-04-07
820;342;Gulf News;UAE Ministery of Climate Change and Environment;PWHFUXA89B;2019-04-07
821;342;UAE Ministery of Climate Change and Environment;OIE;PWHFUXA89B;2019-04-07
822;342;OIE;Kuwait Vet Auth;PWHFUXA89B;2019-04-05
823;343;PADI-web;The Himalayan Times;TD4M6L3ZF6;2019-04-08
824;343;The Himalayan Times;Department of Livestock Servicies;TD4M6L3ZF6;2019-04-08
825;344;PADI-web;Lovin Dubai;X7P8X7AVPD;2019-04-08
826;344;Lovin Dubai;UAE Ministery of Climate Change and Environment;X7P8X7AVPD;2019-04-08
827;344;UAE Ministery of Climate Change and Environment;OIE;X7P8X7AVPD;2019-04-08
828;344;OIE;Kuwait Vet Auth;X7P8X7AVPD;2019-04-05
829;345;PADI-web;Nepali Sansar;7QLPEYCIRT;2019-04-08
830;345;Nepali Sansar;Department of Livestock Servicies;7QLPEYCIRT;2019-04-08
831;345;Department of Livestock Servicies;Nepal Central Veterinary Laboratory;7QLPEYCIRT;2019-04-08
832;346;PADI-web;WATTAgNet;LJGNSUA128;2019-04-09
833;347;PADI-web;Taipei Times;ZKTMPXT4GX;2019-04-09
834;348;PADI-web;CIDRAP;Z9B1UYQAE7;2019-04-12
835;348;CIDRAP;OIE;Z9B1UYQAE7;2019-04-12
836;348;OIE;Bhutan Vet Auth;Z9B1UYQAE7;2019-04-11
837;349;PADI-web;Kuensel;WJUVEO4AT1;2019-04-13
838;349;Kuensel;Bhutan Vet Auth;WJUVEO4AT1;2019-04-13
839;349;Bhutan Vet Auth;Bhutan's National Center for Animal Health (NCAH);WJUVEO4AT1;2019-04-13
840;350;PADI-web;WATTAgNet;O7XIKZ558V;2019-04-15
841;350;WATTAgNet;Kuensel;O7XIKZ558V;2019-04-15
842;351;PADI-web;WATTAgNet;O7XIKZ558V;2019-04-15
843;351;WATTAgNet;OIE;O7XIKZ558V;2019-04-15
844;351;OIE;Bhutan Vet Auth;O7XIKZ558V;2019-04-15
845;352;PADI-web;WATTAgNet;O7XIKZ558V;2019-04-15
846;352;WATTAgNet;OIE;O7XIKZ558V;2019-04-15
847;352;OIE;Taiwan Vet Auth;O7XIKZ558V;2019-04-15
848;353;PADI-web;WATTAgNet;O7XIKZ558V;2019-04-15
849;353;OIE;Nepal Vet Auth;O7XIKZ558V;2019-04-15
850;354;PADI-web;WATTAgNet;O7XIKZ558V;2019-04-15
851;354;WATTAgNet;OIE;O7XIKZ558V;2019-04-15
852;354;OIE;Iran Vet Auth;O7XIKZ558V;2019-04-15
853;355;PADI-web;WATTAgNet;O7XIKZ558V;2019-04-15
854;355;WATTAgNet;Danish Veterinary and Food Administration;O7XIKZ558V;2019-04-15
855;356;PADI-web;CIDRAP;674G0HS6SO;2019-04-15
856;356;CIDRAP;OIE;674G0HS6SO;2019-04-15
857;356;OIE;Iran Vet Auth;674G0HS6SO;2019-04-15
858;357;PADI-web;CIDRAP;674G0HS6SO;2019-04-15
859;357;CIDRAP;OIE;674G0HS6SO;2019-04-14
860;357;OIE;Nepal Vet Auth;674G0HS6SO;2019-04-13
861;358;PADI-web;CIDRAP;674G0HS6SO;2019-04-15
862;358;CIDRAP;OIE;674G0HS6SO;2019-04-15
863;358;OIE;Nigeria Vet Auth;674G0HS6SO;2019-04-15
864;359;PADI-web;Trust.org;RQN6NC548F;2019-04-18
865;359;Trust.org;Reuters;RQN6NC548F;2019-04-18
866;359;Reuters;OIE;RQN6NC548F;2019-04-18
867;359;OIE;Cambodia Vet Auth;RQN6NC548F;2019-04-18
868;360;PADI-web;CIDRAP;VRZ8VFHQZD;2019-04-18
869;360;CIDRAP;OIE;VRZ8VFHQZD;2019-04-18
870;360;OIE;Cambodia Vet Auth;VRZ8VFHQZD;2019-04-18
871;361;PADI-web;CIDRAP;VRZ8VFHQZD;2019-04-18
872;361;CIDRAP;OIE;VRZ8VFHQZD;2019-04-18
873;361;OIE;Bangladesh Vet Auth;VRZ8VFHQZD;2019-04-17
874;362;PADI-web;CIDRAP;VRZ8VFHQZD;2019-04-18
875;362;CIDRAP;OIE;VRZ8VFHQZD;2019-04-18
876;362;OIE;Mexico Vet Auth;VRZ8VFHQZD;2019-04-17
877;363;PADI-web;CIDRAP;VRZ8VFHQZD;2019-04-18
878;363;CIDRAP;OIE;VRZ8VFHQZD;2019-04-18
879;363;OIE;Taiwan Vet Auth;VRZ8VFHQZD;2019-04-17
880;364;PADI-web;The Poultry Site;GK77WFSA6O;2019-04-19
881;364;The Poultry Site;Reuters;GK77WFSA6O;2019-04-19
882;364;Reuters;OIE;GK77WFSA6O;2019-04-19
883;364;OIE;Cambodia Vet Auth;GK77WFSA6O;2019-04-19
884;365;PADI-web;Xinhua;4PDMJE27MP;2019-04-19
885;365;Xinhua;OIE;4PDMJE27MP;2019-04-19
886;365;OIE;Cambodia Vet Auth;4PDMJE27MP;2019-04-19
887;366;PADI-web;India Blooms;8XEK29V33Z;2019-04-19
888;366;India Blooms;OIE;8XEK29V33Z;2019-04-19
889;366;OIE;Cambodia Vet Auth;8XEK29V33Z;2019-04-19
890;367;PADI-web;WATTAgNet;FHFLCE1LXT;2019-04-22
891;367;WATTAgNet;Cambodia Vet Auth;FHFLCE1LXT;2019-04-22
892;368;PADI-web;WATTAgNet;FHFLCE1LXT;2019-04-22
893;368;WATTAgNet;OIE;FHFLCE1LXT;2019-04-22
894;368;OIE;Cambodia Vet Auth;FHFLCE1LXT;2019-04-22
895;369;PADI-web;WATTAgNet;FHFLCE1LXT;2019-04-22
896;369;WATTAgNet;OIE;FHFLCE1LXT;2019-04-22
897;369;OIE;Taiwan Vet Auth;FHFLCE1LXT;2019-04-22
898;370;PADI-web;WATTAgNet;FHFLCE1LXT;2019-04-22
899;370;WATTAgNet;OIE;FHFLCE1LXT;2019-04-22
900;370;OIE;Nigeria Vet Auth;FHFLCE1LXT;2019-04-22
901;371;PADI-web;WATTAgNet;FHFLCE1LXT;2019-04-22
902;371;WATTAgNet;OIE;FHFLCE1LXT;2019-04-22
903;371;OIE;Mexico Vet Auth;FHFLCE1LXT;2019-04-22
904;372;PADI-web;The Poultry Site;0OR1MRFMR1;2019-04-25
905;372;The Poultry Site;OIE;0OR1MRFMR1;2019-04-25
906;373;PADI-web;Haaretz;AAT43SNJVG;2019-04-25
907;373;Haaretz;OIE;AAT43SNJVG;2019-04-25
908;373;OIE;Israel Vet Auth;AAT43SNJVG;2019-04-25
909;374;PADI-web;Express.co.uk;WX1RD0J4AS;2019-04-25
910;374;Express.co.uk;OIE;WX1RD0J4AS;2019-04-25
911;374;OIE;Israel Vet Auth;WX1RD0J4AS;2019-04-25
912;375;PADI-web;Reuters;MPZZSTHM7F;2019-04-25
913;375;Reuters;OIE;MPZZSTHM7F;2019-04-25
914;375;OIE;Israel Vet Auth;MPZZSTHM7F;2019-04-25
915;376;PADI-web;Times of Israel;UJLP7TUPUK;2019-04-25
916;376;Times of Israel;OIE;UJLP7TUPUK;2019-04-25
917;376;OIE;Israel Vet Auth;UJLP7TUPUK;2019-04-25
918;377;PADI-web;Feedstuffs;NS72FORJ1Q;2019-04-25
919;377;Feedstuffs;OIE;NS72FORJ1Q;2019-04-25
920;377;OIE;US Vet Auth;NS72FORJ1Q;2019-04-25
921;378;PADI-web;CIDRAP;9T2WKWA78E;2019-04-25
922;378;CIDRAP;OIE;9T2WKWA78E;2019-04-25
923;378;OIE;US Vet Auth;9T2WKWA78E;2019-04-25
924;379;PADI-web;CIDRAP;9T2WKWA78E;2019-04-25
925;379;CIDRAP;OIE;9T2WKWA78E;2019-04-25
926;379;OIE;Israel Vet Auth;9T2WKWA78E;2019-04-25
927;380;PADI-web;CIDRAP;9T2WKWA78E;2019-04-25
928;380;CIDRAP;OIE;9T2WKWA78E;2019-04-25
929;380;OIE;Dominican Republic Vet Auth;9T2WKWA78E;2019-04-22
930;381;PADI-web;Vietnam Plus;EE6VRHHBRT;2019-04-28
931;381;Vietnam Plus;Lang Son provincial animal health agency;EE6VRHHBRT;2019-04-28
932;382;PADI-web;Arab Times;DLS4RR463G;2019-04-28
933;382;Arab Times;Al-Rai Daily;DLS4RR463G;2019-04-28
934;383;PADI-web;CIDRAP;EX0KRIO0DZ;2019-04-29
935;383;CIDRAP;OIE;EX0KRIO0DZ;2019-04-29
936;383;OIE;Mexico Vet Auth;EX0KRIO0DZ;2019-04-27
937;384;PADI-web;WATTAgNet;PMB31VPAGQ;2019-04-29
938;384;WATTAgNet;OIE;PMB31VPAGQ;2019-04-29
939;384;OIE;US Vet Auth;PMB31VPAGQ;2019-04-29
940;385;PADI-web;WATTAgNet;4QQAMTVK6M;2019-04-29
941;385;WATTAgNet;OIE;4QQAMTVK6M;2019-04-29
942;385;OIE;Israel Vet Auth;4QQAMTVK6M;2019-04-29
943;386;PADI-web;WATTAgNet;4QQAMTVK6M;2019-04-29
944;386;WATTAgNet;OIE;4QQAMTVK6M;2019-04-29
945;386;OIE;Taiwan Vet Auth;4QQAMTVK6M;2019-04-29
946;387;PADI-web;WATTAgNet;4QQAMTVK6M;2019-04-29
947;387;WATTAgNet;OIE;4QQAMTVK6M;2019-04-29
948;387;OIE;Dominican Republic Vet Auth;4QQAMTVK6M;2019-04-29
949;388;PADI-web;WATTAgNet;4QQAMTVK6M;2019-04-29
950;388;WATTAgNet;US Vet Auth;4QQAMTVK6M;2019-04-29
951;389;PADI-web;WATTAgNet;4QQAMTVK6M;2019-04-29
952;389;WATTAgNet;Mongabay;4QQAMTVK6M;2019-04-29
953;390;PADI-web;Kathmandu Post;8DV7R683XB;2019-05-10
954;390;Kathmandu Post;Dr  K. Tiwari Municipal Veterinary Service;8DV7R683XB;2019-05-10
955;390;Dr  K. Tiwari Municipal Veterinary Service;Department of Livestock Servicies;8DV7R683XB;2019-05-10
956;391;PADI-web;FarmingUK;V89NO3A0HK;2019-05-10
957;391;FarmingUK;Belgium Vet Auth;V89NO3A0HK;2019-05-10
958;392;PADI-web;Gulf News;BV5E8Y8BM7;2019-05-12
959;392;Gulf News;UAE Environmental Ministry;BV5E8Y8BM7;2019-05-12
960;392;UAE Environmental Ministry;UAE Ministery of Climate Change and Environment;BV5E8Y8BM7;2019-05-12
961;393;PADI-web;CIDRAP;OYCY3KTPQ7;2019-05-21
962;393;CIDRAP;OIE;OYCY3KTPQ7;2019-05-21
963;393;OIE;Vietnam Vet Auth;OYCY3KTPQ7;2019-05-21
964;394;PADI-web;CIDRAP;OYCY3KTPQ7;2019-05-21
965;394;CIDRAP;OIE;OYCY3KTPQ7;2019-05-21
966;394;OIE;Mexico Vet Auth;OYCY3KTPQ7;2019-05-21
967;395;PADI-web;WATTAgNet;Q3AI7727KB;2019-05-23
968;395;WATTAgNet;OIE;Q3AI7727KB;2019-05-23
969;395;OIE;Mexico Vet Auth;Q3AI7727KB;2019-05-23
970;396;PADI-web;WATTAgNet;Q3AI7727KB;2019-05-23
971;397;PADI-web;WATTAgNet;Q3AI7727KB;2019-05-23
972;397;WATTAgNet;Belgium Vet Auth;Q3AI7727KB;2019-05-23
973;398;PADI-web;Reuters;Q1RTDU7W5F;2019-05-24
974;398;Reuters;Mexican Government Official Gazette;Q1RTDU7W5F;2019-05-24
975;399;PADI-web;MercoPress;6KV0CRXR7W;2019-05-28
976;399;MercoPress;Mexican Government Official Gazette;6KV0CRXR7W;2019-05-28
977;400;PADI-web;WATTAgNet;TVYVOYYVG2;2019-05-31
978;400;WATTAgNet;OIE;TVYVOYYVG2;2019-05-31
979;400;OIE;Taiwan Vet Auth;TVYVOYYVG2;2019-05-31
980;401;PADI-web;WATTAgNet;TVYVOYYVG2;2019-05-31
981;401;WATTAgNet;OIE;TVYVOYYVG2;2019-05-31
982;401;OIE;Nigeria Vet Auth;TVYVOYYVG2;2019-05-31
983;402;PADI-web;Physician's Weekly;LLHGAQGQFV;2019-06-03
984;402;Physician's Weekly;Reuters;LLHGAQGQFV;2019-06-03
985;402;Reuters;China Vet Auth;LLHGAQGQFV;2019-06-03
986;403;PADI-web;KFGO News;GBHX5OG2A3;2019-06-02
987;403;KFGO News;Reuters;GBHX5OG2A3;2019-06-02
988;403;Reuters;China Vet Auth;GBHX5OG2A3;2019-06-02
989;404;PADI-web;Reuters;I7XZDXUNGA;2019-06-03
990;404;Reuters;China Vet Auth;I7XZDXUNGA;2019-06-03
991;405;PADI-web;Yahoo News;G7M676XMS8;2019-06-03
992;405;Yahoo News;Reuters;G7M676XMS8;2019-06-03
993;405;Reuters;China Vet Auth;G7M676XMS8;2019-06-03
994;406;PADI-web;CIDRAP;HUBFV91194;2019-06-03
995;406;CIDRAP;OIE;HUBFV91194;2019-06-03
996;406;OIE;China Vet Auth;HUBFV91194;2019-06-03
997;407;PADI-web;CIDRAP;8W09V820BR;2019-06-07
998;407;CIDRAP;OIE;8W09V820BR;2019-06-07
999;407;OIE;Mexico Vet Auth;8W09V820BR;2019-06-06
1000;408;PADI-web;CIDRAP;8W09V820BR;2019-06-07
1001;408;CIDRAP;OIE;8W09V820BR;2019-06-07
1002;408;OIE;South Africa Vet Auth;8W09V820BR;2019-06-04
1003;409;PADI-web;WATTAgNet;5ILBALG863;2019-06-10
1004;409;WATTAgNet;OIE;5ILBALG863;2019-06-10
1005;409;OIE;Mexico Vet Auth;5ILBALG863;2019-06-10
1006;410;PADI-web;WATTAgNet;5ILBALG863;2019-06-10
1007;410;WATTAgNet;OIE;5ILBALG863;2019-06-10
1008;410;OIE;China Vet Auth;5ILBALG863;2019-06-10
1009;411;PADI-web;WATTAgNet;5ILBALG863;2019-06-10
1010;411;WATTAgNet;OIE;5ILBALG863;2019-06-10
1011;411;OIE;South Africa Vet Auth;5ILBALG863;2019-06-10
1012;412;PADI-web;Brussels Times;VKWNI6WRH0;2019-06-13
1013;412;Brussels Times;Belgium Vet Auth;VKWNI6WRH0;2019-06-13
1014;413;PADI-web;WATTAgNet;PB2S7J632G;2019-06-17
1015;413;WATTAgNet;Brussels Times;PB2S7J632G;2019-06-17
1016;413;Brussels Times;Belgium Vet Auth;PB2S7J632G;2019-06-17
1017;414;PADI-web;WATTAgNet;PB2S7J632G;2019-06-17
1018;414;WATTAgNet;OIE;PB2S7J632G;2019-06-17
1019;414;OIE;Mexico Vet Auth;PB2S7J632G;2019-06-17
1020;415;PADI-web;CIDRAP;VH19CQKEW2;2019-06-21
1021;415;CIDRAP;OIE;VH19CQKEW2;2019-06-21
1022;415;OIE;Namibia Vet Auth;VH19CQKEW2;2019-06-20
1023;416;PADI-web;CIDRAP;VH19CQKEW2;2019-06-21
1024;416;CIDRAP;OIE;VH19CQKEW2;2019-06-21
1025;416;OIE;Taiwan Vet Auth;VH19CQKEW2;2019-06-20
1026;417;PADI-web;Focus Taiwan;1X0MCUPFR6;2019-06-22
1027;417;Focus Taiwan;Bureau of Animal and Plant Health Inspection and Quarantine (Taiwan);1X0MCUPFR6;2019-06-22
1028;417;Bureau of Animal and Plant Health Inspection and Quarantine (Taiwan);Taiwan Vet Auth;1X0MCUPFR6;2019-06-22
1029;418;PADI-web;Taiwan News;OVSQT34TYP;2019-06-23
1030;418;Taiwan News;Bureau of Animal and Plant Health Inspection and Quarantine (Taiwan);OVSQT34TYP;2019-06-23
1031;418;Bureau of Animal and Plant Health Inspection and Quarantine (Taiwan);Taiwan Vet Auth;OVSQT34TYP;2019-06-23
1032;419;PADI-web;WATTAgNet;8AY33RROPA;2019-06-24
1033;419;WATTAgNet;OIE;8AY33RROPA;2019-06-24
1034;419;OIE;Taiwan Vet Auth;8AY33RROPA;2019-06-24
1035;420;PADI-web;WATTAgNet;8AY33RROPA;2019-06-24
1036;420;WATTAgNet;OIE;8AY33RROPA;2019-06-24
1037;420;OIE;Namibia Vet Auth;8AY33RROPA;2019-06-24
1038;434;PADI-web;Odisha Television Ltd;da67626051;2018-12-20
1039;434;Odisha Television Ltd;Odisha Agriculture Minister;da67626051;2018-12-20
1040;435;PADI-web;Yonhap News;RR9QB9QH4M;2019-01-10
1041;435;Yonhap News;South Korea Vet Auth;RR9QB9QH4M;2019-01-10
1042;436;PADI-web;Down To Earth Magazine;2abd944f1c;2018-12-20
1043;436;Down To Earth Magazine;Bihar animal husbandry department;2abd944f1c;2018-12-20
1044;437;PADI-web;Focus Taiwan;3KMH5PXTHQ;2019-01-29
1045;437;Focus Taiwan;Bureau of Animal and Plant Health Inspection and Quarantine (Taiwan);3KMH5PXTHQ;2019-01-29
1046;438;PADI-web;Times of India;2f4a3221f3;2018-12-21
1047;438;Times of India;Bihar animal husbandry department;2f4a3221f3;2018-12-21
1048;439;PADI-web;Odisha Television Ltd;2959963bfe;2018-12-21
1049;440;PADI-web;Digital Globalist;0dbd5bffc1;2018-12-23
1050;440;Digital Globalist;Puri assistant district veterinary officer;0dbd5bffc1;2018-12-23
1051;441;PADI-web;CIDRAP;62K7R22PSE;2018-12-26
1052;441;CIDRAP;Press Trust of India;62K7R22PSE;2018-12-26
1053;441;Press Trust of India;Bihar animal husbandry department;62K7R22PSE;2018-12-25
1054;442;PADI-web;CIDRAP;62K7R22PSE;2018-12-26
1055;442;CIDRAP;OIE;62K7R22PSE;2018-12-26
1056;442;OIE;Bulgaria Vet Auth;62K7R22PSE;2018-12-23
1057;443;PADI-web;CIDRAP;62K7R22PSE;2018-12-26
1058;443;CIDRAP;OIE;62K7R22PSE;2018-12-26
1059;443;CIDRAP;Vietnam Vet Auth;62K7R22PSE;2018-12-22
1060;444;PADI-web;Times of India;YJIJONSUZ0;2018-12-31
1061;444;Times of India;District Magistrate of Patna;YJIJONSUZ0;2018-12-31
1062;446;PADI-web;Global Times;ER1XI2UREX;2018-11-22
1063;446;Global Times;China Animal Health and Epidemiolology Center;ER1XI2UREX;2018-11-22
1064;447;PADI-web;The New Indian Express;61b37241cf;2018-12-14
1065;447;The New Indian Express;Bihar animal husbandry department;61b37241cf;2018-12-14
1066;448;PADI-web;CIDRAP;EX0KRIO0DZ;2019-04-29
1067;448;CIDRAP;OIE;EX0KRIO0DZ;2019-04-29
1068;448;OIE;Nepal Vet Auth;EX0KRIO0DZ;2019-04-27
1069;449;PADI-web;CIDRAP;EX0KRIO0DZ;2019-04-29
1070;449;CIDRAP;OIE;EX0KRIO0DZ;2019-04-29
1071;449;OIE;Taiwan Vet Auth;EX0KRIO0DZ;2019-04-26
1072;450;PADI-web;CIDRAP;Z9B1UYQAE7;2019-04-12
1073;450;CIDRAP;OIE;Z9B1UYQAE7;2019-04-12
1074;450;OIE;Bulgaria Vet Auth;Z9B1UYQAE7;2019-04-11
1075;451;PADI-web;CIDRAP;TSYVRGZ03Y;2019-03-18
1076;451;CIDRAP;OIE;TSYVRGZ03Y;2019-03-18
1077;451;OIE;Denmark Vet Auth;TSYVRGZ03Y;2019-03-15
1078;452;PADI-web;Reuters;D2M15U6Y96;2019-02-22
1079;452;Reuters;China Vet Auth;D2M15U6Y96;2019-02-22
1080;453;PADI-web;NDTV;8ecb1f43cd;2018-12-14
1081;453;NDTV;Odisha Agriculture Minister;8ecb1f43cd;2018-12-14
1082;454;PADI-web;The Namibian;F0BYJI7EZH;2019-02-14
1083;454;The Namibian;Namibia Vet Auth;F0BYJI7EZH;2019-02-13
1084;455;PADI-web;Reuters;e06eac047f;2018-12-03
1085;455;Reuters;OIE;e06eac047f;2018-12-03
1086;455;OIE;Iran Vet Auth;e06eac047f;2018-12-01
1087;456;PADI-web;Bemidji Pioneer;19f8bdfaf9;2018-10-23
1088;456;Grand Forks Herald;Bemidji Pioneer;19f8bdfaf9;2018-10-23
1089;457;PADI-web;Reuters;QC919HLXQZ;2018-08-06
1090;457;Reuters;Malaysia Vet Auth;QC919HLXQZ;2018-08-06
1091;458;PADI-web;Channel NewsAsia;NCX7494XEU;2018-08-06
1092;458;Channel NewsAsia;Reuters;NCX7494XEU;2018-08-06
1093;458;Reuters;Malaysia Vet Auth;NCX7494XEU;2018-08-06
1094;459;PADI-web;DesMoinesRegister.com;3155a4b545;2018-10-23
1095;459;DesMoinesRegister.com;Minnesota Vet Authorities;3155a4b545;2018-10-23
1096;460;PADI-web;NDTV;NLQ0ZTXT7T;2018-12-25
1097;460;The Hindu;India Chief Conservator of Forests Bihar;NLQ0ZTXT7T;2018-12-25
1098;461;PADI-web;The New Indian Express;6a2071e953;2018-12-14
1099;461;The New Indian Express;Chilika Development Authority (India);6a2071e953;2018-12-14
1100;462;PADI-web;Gulf Today;1344b636b8;2018-10-10
1101;462;Gulf Today;OIE;1344b636b8;2018-10-10
1102;462;OIE;Bulgaria Vet Auth;1344b636b8;2018-10-08
1103;463;PADI-web;Reuters;ZT8A9CBCGW;2019-03-25
1104;463;Reuters;China Vet Auth;ZT8A9CBCGW;2019-03-25
1105;464;PADI-web;Odisha Television Ltd;3ab4d24a09;2018-12-15
1106;465;PADI-web;VnExpress International;5340f7ff9e;2018-08-02
1107;465;VnExpress International;Nghe An Vet Auth;5340f7ff9e;2018-08-02
1108;466;PADI-web;Saudi Gazette;91b0e0d5d5;2018-07-20
1109;466;Saudi Gazette;Saudi Press Agency;91b0e0d5d5;2018-07-20
1110;466;Saudi Press Agency;Saudi Arabia Vet Auth;91b0e0d5d5;2018-07-20
1111;467;PADI-web;Times of India;H6ORZ7S6XV;2019-01-04
1112;468;PADI-web;Times of India;H6ORZ7S6XV;2019-01-04
1113;468;Times of India;Nawada district animal husbandry officer;H6ORZ7S6XV;2019-01-04
1114;469;PADI-web;Times of India;44CSC3CRW5;2019-01-04
1115;469;Times of India;Bihar animal husbandry department;44CSC3CRW5;2019-01-04
1116;470;PADI-web;Times of India;44CSC3CRW5;2019-01-04
1117;471;PADI-web;NDTV;AEVBY2RCAL;2019-01-05
1118;472;PADI-web;Times of India;DWYXNSF9J0;2019-01-07
1119;472;Times of India;Bihar animal husbandry department;DWYXNSF9J0;2019-01-07
1120;473;PADI-web;Times of India;44UA2MJBU2;2019-01-13
1121;473;Times of India;India District Animal Husbandry;44UA2MJBU2;2019-01-13
